"isbn","bookTitle","aliases","authorEditor","language","edition","year","publicationDate","productForm","country","status","administrator","applicationNo","applicationSubmitted","verificationNotes","earmarked","available","used","totalEarmarked","booksSubmitted","booksPending","booksSurrendered","applicationSerialNo","bookSerialNo","sourceRow"
"978-93-345-0331-9","WHEN DREAMS MERGE","","Gajendra Thakur","English","","2026","2026-09-01","Book","INDIA","Allotted |

Allocation Letter","Gajendra","43265|ISBN|2026|A","2026-09-09","Edit | Surrender ISBN
| Final Verso Page Uploaded [Verification Pending from RRRNA]","1","0","1","1","0","0","0","2","1","8"
"978-93-344-9610-9","गजेन्द्र ठाकुरक समानान्तर दर्शन खण्ड १ आ २","","Gajendra Thakur","Maithili","","2026","2026-09-01","Book","INDIA","Allotted |

Allocation Letter","Gajendra","42207|ISBN|2026|A","2026-09-03","Edit | Surrender ISBN
| Final Verso Page Uploaded [Verification Pending from RRRNA]","1","0","1","1","0","0","0","3","1","9"
"978-93-344-9415-0","History of Mithila, Vajji & Anga: From Prehistory to the Contemporary Period vol. 1 General and political history vol 2 socio-cultural-economic history","","Gajendra Thakur","English","","2026","2026-09-01","Book","INDIA","Allotted |

Allocation Letter","Gajendra","41805|ISBN|2026|A","2026-09-02","Edit | Surrender ISBN
| Final Verso Page Uploaded [Verification Pending from RRRNA]","1","0","1","1","0","0","0","4","1","10"
"978-93-344-8981-1","प्रबन्ध · निबन्ध · समालोचना सिद्धान्त आ अनुप्रयुक्त अध्ययन","","Gajendra Thakur","Maithili","","2026","2009-01-01","Book","INDIA","Allotted |

Allocation Letter","Gajendra","41217|ISBN|2026|A","2026-08-31","Edit | Surrender ISBN
| Final Verso Page Uploaded [Verification Pending from RRRNA]","1","0","1","1","0","0","0","5","1","11"
"978-93-344-8592-9","संस्कृत साहित्य-संग्रह १३ पुस्तकक संयुक्त संस्करण संस्कृतसँ मैथिली अनुवाद गजेन्द्र ठाकुर","","Gajendra Thakur","Maithili","","2026","2002-01-01","Book","INDIA","Allotted |

Allocation Letter","Gajendra","40789|ISBN|2026|A","2026-08-28","Edit | Surrender ISBN
| Final Verso Page Uploaded [Verification Pending from RRRNA]","1","0","1","1","0","0","0","6","1","12"
"978-93-344-8405-2","मैथिलीक एकटा समानान्तर व्याकरण, रचना आ भाषा विज्ञान (ठेठी, अंगिका आ बज्जिकाकेँ संग लऽ कऽ)","","Gajendra Thakur","Maithili","","2026","2004-01-01","Book","INDIA","Allotted |

Allocation Letter","Gajendra","40264|ISBN|2026|A","2026-08-25","Edit | Surrender ISBN
| Final Verso Page Uploaded [Verification Pending from RRRNA]","1","0","1","1","0","0","0","7","1","13"
"978-93-344-7568-5","WATER-BURIAL AMONG THE CROCODILES","","Gajendra Thakur","Maithili","","2026","2026-08-01","Book","INDIA","Allotted |

Allocation Letter","Gajendra","39574|ISBN|2026|A","2026-08-21","Edit | Surrender ISBN
| Final Verso Page Uploaded [Verification Pending from RRRNA]","1","0","1","1","0","0","0","8","1","14"
"978-93-344-6450-4","न्यायकुसुमाञ्जलि उदयनाचार्य मूल संस्कृत: उदयनाचार्य • संस्कृतसँ मैथिली अनुवाद: गजेन्द्र ठाकुर","","Gajendra Thakur","Maithili","","2026","2004-01-01","Book","INDIA","Allotted |

Allocation Letter","Gajendra","37525|ISBN|2026|A","2026-08-10","Edit | Surrender ISBN
| Final Verso Page Uploaded [Verification Pending from RRRNA]","1","0","1","1","0","0","0","9","1","15"
"978-93-5943-857-3","मूल संस्कृत: उदयनाचार्य • संस्कृतसँ मैथिली अनुवाद: गजेन्द्र ठाकुर","","Gajendra Thakur","Maithili","","2026","2004-01-01","Book","INDIA","Allotted |

Allocation Letter","Gajendra","37400|ISBN|2026|A","2026-08-10","Edit | Surrender ISBN
| Final Verso Page Uploaded [Verification Pending from RRRNA]","1","0","1","1","0","0","0","10","1","16"
"978-93-5943-682-1","भामती मूल संस्कृत वाचस्पति मिश्र संस्कृतसँ मैथिली अनुवाद गजेन्द्र ठाकुर","","Gajendra Thakur","Maithili","2","2026","2026-08-01","Book","INDIA","Allotted |

Allocation Letter","Gajendra","37146|ISBN|2026|A","2026-08-08","Edit | Surrender ISBN
| Final Verso Page Uploaded [Verification Pending from RRRNA]","1","0","1","1","0","0","0","11","1","17"
"978-93-5943-562-6","स्वयं सीखू सीरीज ए.आइ. सँ वीडियो बनाउ","","Gajendra Thakur","Maithili","","2026","2026-08-01","Book","INDIA","Allotted |

Allocation Letter","Gajendra","36213|ISBN|2026|A","2026-08-04","Edit | Surrender ISBN
| Final Verso Page Uploaded [Verification Pending from RRRNA]","1","0","1","1","0","0","0","12","1","18"
"978-93-5937-518-2","गोहि सभक बीच जलसमाधि किशोर संस्करण","","Gajendra Thakur","Maithili","","2026","2026-07-01","Book","INDIA","Allotted |

Allocation Letter","Gajendra","35300|ISBN|2026|A","2026-07-31","Edit | Surrender ISBN
| Final Verso Page Uploaded [Verification Pending from RRRNA]","1","0","1","1","0","0","0","13","1","19"
"978-93-5937-277-8","गोहि सभक बीच जलसमाधि बाल संस्करण","","Gajendra Thakur","Maithili","","2026","2026-07-01","Book","INDIA","Allotted |

Allocation Letter","Gajendra","34840|ISBN|2026|A","2026-07-29","Edit | Surrender ISBN
| Final Verso Page Uploaded [Verification Pending from RRRNA]","1","0","1","1","0","0","0","14","1","20"
"978-93-5933-623-7","Decoding the Panji of Mithila Volume VI","","Gajendra Thakur","English","","2026","2026-07-01","Book","INDIA","Allotted |

Allocation Letter","Gajendra","34079|ISBN|2026|A","2026-07-25","Edit | Surrender ISBN
| Final Verso Page Uploaded [Verification Pending from RRRNA]","1","0","1","1","0","0","0","15","1","21"
"978-93-5933-373-1","Decoding the Panji of Mithila Volume V","","Gajendra","English","","2026","2026-07-01","Book","INDIA","Allotted |

Allocation Letter","Gajendra","33446|ISBN|2026|A","2026-07-22","Edit | Surrender ISBN
| Final Verso Page Uploaded [Verification Pending from RRRNA]","1","0","1","1","0","0","0","16","1","22"
"978-93-6123-729-4","तत्त्वचिन्तामणि मूल संस्कृत गंगेश संस्कृतसँ मैथिली अनुवाद गजेन्द्र ठाकुर","","Gajendra","Maithili","","2026","2026-07-22","Book","INDIA","Allotted |

Allocation Letter","Gajendra","33312|ISBN|2026|A","2026-07-22","Edit | Surrender ISBN
| Final Verso Page Uploaded [Verification Pending from RRRNA]","1","0","1","1","0","0","0","17","1","23"
"978-93-6123-509-2","Decoding the Panji of Mithila Volume IV","","Gajendra","English","","2026","2026-07-01","Book","INDIA","Allotted |

Allocation Letter","Gajendra","32967|ISBN|2026|A","2026-07-20","Edit | Surrender ISBN
| Final Verso Page Uploaded [Verification Pending from RRRNA]","1","0","1","1","0","0","0","18","1","24"
"978-93-6068-808-0","Decoding the Panji of Mithila Volume III","","Gajendra Thakur","English","","2026","2026-07-01","Book","INDIA","Allotted |

Allocation Letter","Gajendra","31704|ISBN|2026|A","2026-07-14","Edit | Surrender ISBN
| Final Verso Page Uploaded [Verification Pending from RRRNA]","1","0","1","1","0","0","0","19","1","25"
"978-93-6068-216-3","Maithili English Thesaurus","","Gajendra","Maithili","","2026","2026-07-01","Book","INDIA","Allotted |

Allocation Letter","Gajendra","30317|ISBN|2026|A","2026-07-08","Edit | Surrender ISBN
| Final Verso Page Uploaded [Verification Pending from RRRNA]","1","0","1","1","0","0","0","20","1","26"
"978-93-6038-147-9","ENGLISH MAITHILI THESAURUS","","Gajendra","Maithili","","2026","2026-07-01","Book","INDIA","Allotted |

Allocation Letter","Gajendra","29549|ISBN|2026|A","2026-07-03","Edit | Surrender ISBN
| Final Verso Page Uploaded [Verification Pending from RRRNA]","1","0","1","1","0","0","0","21","1","27"
"978-93-6012-526-4","Decoding the Panji of Mithila Volume II","","Gajendra","English","","2026","2026-06-01","Book","INDIA","Allotted |

Allocation Letter","Gajendra","28367|ISBN|2026|A","2026-06-26","Edit | Surrender ISBN
| Final Verso Page Uploaded [Verification Pending from RRRNA]","1","0","1","1","0","0","0","22","1","28"
"978-93-5987-762-4","गोंहि सभक बीच जलसमाधि","","Gajendra","Maithili","","2026","2026-06-21","Book","INDIA","Allotted |

Allocation Letter","Gajendra","27259|ISBN|2026|A","2026-06-19","Edit | Surrender ISBN
| Final Verso Page Uploaded [Verification Pending from RRRNA]","1","0","1","1","0","0","0","23","1","29"
"978-93-5987-425-8","The Grammar and History of Maithili Ghazal","","Gajendra","English","","2026","2026-06-17","Book","INDIA","Allotted |

Allocation Letter","Gajendra","26919|ISBN|2026|A","2026-06-17","Edit | Surrender ISBN
| Final Verso Page Uploaded [Verification Pending from RRRNA]","1","0","1","1","0","0","0","24","1","30"
"978-93-5943-043-0","Jagdish Prasad Mandal: A Biography","","Gajendra","English","","2026","2026-06-01","Book","INDIA","Allotted |

Allocation Letter","Gajendra","25114|ISBN|2026|A","2026-06-10","(Edit Expired) | Surrender ISBN
| Final Verso Page Uploaded [Verification Pending from RRRNA]","1","0","1","1","0","0","0","25","1","31"
"978-93-5915-894-5","Decoding the Panji of Mithila: Surprising Insights from India and Nepal's Oldest Social Network","","Gajendra Thakur","English","","2026","2026-05-26","Book","INDIA","Allotted |

Allocation Letter","Gajendra","22490|ISBN|2026|A","2026-05-24","(Edit Expired) | Surrender ISBN
| Final Verso Page Uploaded [Verification Pending from RRRNA]","1","0","1","1","0","0","0","26","1","32"
"978-93-5890-210-5","गजेन्द्र ठाकुर समग्र","","Gajendra","Maithili","","2026","2026-04-20","Book","INDIA","Allotted |

Allocation Letter","Gajendra","16862|ISBN|2026|A","2026-04-16","(Edit Expired) | Surrender ISBN
| Final Verso Page Uploaded [Verification Pending from RRRNA]","1","0","1","1","0","0","0","27","1","33"
"978-93-5812-486-6","A PARALLEL HISTORY OF MITHILA & MAITHILI LITERATURE series","","Gajendra","English","","2026","2026-04-11","Book","INDIA","Allotted |

Allocation Letter","Gajendra","15804|ISBN|2026|A","2026-04-09","(Edit Expired) | Surrender ISBN
| Final Verso Page Uploaded [Verification Pending from RRRNA]","1","0","1","1","0","0","0","28","1","34"
"978-93-5811-956-5","Setusham Vibrant Maithili","","Gajendra","English","","2026","2026-04-02","Book","INDIA","Allotted |

Allocation Letter","Gajendra","14895|ISBN|2026|A","2026-04-01","(Edit Expired) | Surrender ISBN
| Final Verso Page Uploaded [Verification Pending from RRRNA]","1","0","1","1","0","0","0","29","1","35"
"978-93-5810-458-5","A Bridge Built for the Sake of Love","","Gajendra","English","","2026","2026-03-30","Book","INDIA","Allotted |

Allocation Letter","Gajendra","14235|ISBN|2026|A","2026-03-27","(Edit Expired) | Surrender ISBN
| Final Verso Page Uploaded [Verification Pending from RRRNA]","1","0","1","1","0","0","0","30","1","36"
"978-93-5810-064-8","The Coconut Fortress","","Gajendra","English","","2026","2026-03-25","Book","INDIA","Allotted |

Allocation Letter","Gajendra","13684|ISBN|2026|A","2026-03-24","(Edit Expired) | Surrender ISBN
| Final Verso Page Uploaded [Verification Pending from RRRNA]","1","0","1","1","0","0","0","31","1","37"
"978-93-5782-486-6","Maithili Web Journalism's History","","Gajendra","English","","2026","2026-03-19","Book","INDIA","Allotted |

Allocation Letter","Gajendra","12761|ISBN|2026|A","2026-03-18","(Edit Expired) | Surrender ISBN
| Final Verso Page Uploaded [Verification Pending from RRRNA]","1","0","1","1","0","0","0","32","1","38"
"978-93-5782-026-4","THE BLACK BEE IS SLEEPING ATOP THE MOUNTAIN","","Gajendra","English","","2026","2026-03-16","Book","INDIA","Allotted |

Allocation Letter","Gajendra","12129|ISBN|2026|A","2026-03-13","(Edit Expired) | Surrender ISBN
| Final Verso Page Uploaded [Verification Pending from RRRNA]","1","0","1","1","0","0","0","33","1","39"
"978-93-5779-649-1","The Comet’s Coma: Lost in the Frozen Clouds","","Gajendra","English","","2026","2026-03-11","Book","INDIA","Allotted |

Allocation Letter","Gajendra","11608|ISBN|2026|A","2026-03-11","(Edit Expired) | Surrender ISBN
| Final Verso Page Uploaded [Verification Pending from RRRNA]","1","0","1","1","0","0","0","34","1","40"
"978-93-5717-665-1","Struggles of Life","","Gajendra Thakur","English","","2026","2026-02-12","Book","INDIA","Allotted |

Allocation Letter","Gajendra","6973|ISBN|2026|A","2026-02-11","(Edit Expired) | Surrender ISBN
| Final Verso Page Uploaded [Verification Pending from RRRNA]","1","0","1","1","0","0","0","35","1","41"
"978-93-5717-345-2","नित नवल दिनेश कुमार मिश्र","","Gajendra Thakur","Maithili","","2026","2023-01-01","Book","INDIA","Allotted |

Allocation Letter","Gajendra","6608|ISBN|2026|A","2026-02-09","(Edit Expired) | Surrender ISBN
| Final Verso Page Uploaded [Verification Pending from RRRNA]","1","0","1","1","0","0","0","36","1","42"
"978-93-5635-145-5","जतबे बुझलहुँ, ततबे लिखलहुँ","","Gajendra Thakur","Maithili","","2026","2026-01-02","Book","INDIA","Allotted |

Allocation Letter","Gajendra","286|ISBN|2026|A","2026-01-02","(Edit Expired) | Surrender ISBN
| Final Verso Page Uploaded [Verification Pending from RRRNA]","1","0","1","1","0","0","0","37","1","43"
"978-93-5469-476-9","Flowers Blooming on a Withered Tree","","Gajendra Thakur","English","","2025","2025-11-07","Book","INDIA","Allotted |

Allocation Letter","Gajendra","42623|ISBN|2025|A","2025-11-06","(Edit Expired) | Surrender ISBN
| Final Verso Page Uploaded [Verification Pending from RRRNA]","1","0","1","1","0","0","0","38","1","44"
"978-93-344-5482-6","Echoes of Existence","","Gajendra Thakur translation","English","2025","2025","2025-11-01","Book","INDIA","Allotted |

Allocation Letter","Gajendra","40732|ISBN|2025|A","2025-10-25","(Edit Expired) | Surrender ISBN
| Final Verso Page Uploaded [Verification Pending from RRRNA]","1","0","1","1","0","0","0","39","1","45"
"978-93-344-5087-3","भवनाथ झा","","Gajendra","Maithili","","2025","2025-10-15","Book","INDIA","Allotted |

Allocation Letter","Gajendra","40173|ISBN|2025|A","2025-10-19","(Edit Expired) | Surrender ISBN
| Final Verso Page Uploaded [Verification Pending from RRRNA]","1","0","1","1","0","0","0","40","1","46"
"978-93-343-7356-1","विदेह शिवशंकर श्रीनिवास कृतित्व","","Gajendra","Maithili","","2025","2025-08-15","Book","INDIA","Allotted |

Allocation Letter","Gajendra","27820|ISBN|2025|A","2025-08-03","(Edit Expired) | Surrender ISBN
| Final Verso Page Uploaded [Verification Pending from RRRNA]","1","0","1","1","0","0","0","41","1","47"
"978-93-343-0303-2","विदेह मैथिली ई पत्रिका अंक ९१","","Gajendra Thakur गजेन्द्र ठाकुर","Maithili","","2025","2011-10-01","Book","INDIA","Allotted |

Allocation Letter","Gajendra","16639|ISBN|2025|A","2025-05-16","(Edit Expired) | Surrender ISBN
| Final Verso Page Uploaded [Verification Pending from RRRNA]","1","0","1","1","0","0","0","42","1","48"
"978-93-342-9910-6","विदेह मैथिली ई पत्रिका अंक 420 मिथिलाक्षर","","Gajendra Thakur","Maithili","","2025","2025-06-15","Book","INDIA","Allotted |

Allocation Letter","Gajendra","16144|ISBN|2025|A","2025-05-13","(Edit Expired) | Surrender ISBN
| Final Verso Page Uploaded [Verification Pending from RRRNA]","1","0","1","1","0","0","0","43","1","49"
"978-93-342-9891-8","विदेह मैथिली ई पत्रिका अंक ४२०","","Gajendra Thakur गजेन्द्र ठाकुर","Maithili","","2025","2025-06-15","Book","INDIA","Allotted |

Allocation Letter","Gajendra","16123|ISBN|2025|A","2025-05-13","(Edit Expired) | Surrender ISBN
| Final Verso Page Uploaded [Verification Pending from RRRNA]","1","0","1","1","0","0","0","44","1","50"
"978-93-342-9767-6","विदेह मैथिली ई पत्रिका अंक 419","","Gajendra Thakur","Maithili","","2025","2025-06-01","Book","INDIA","Allotted |

Allocation Letter","Gajendra","15938|ISBN|2025|A","2025-05-11","(Edit Expired) | Surrender ISBN
| Final Verso Page Uploaded [Verification Pending from RRRNA]","1","0","1","1","0","0","0","45","1","51"
"978-93-342-9658-7","विदेह मैथिली ई पत्रिका अंक ८९","","Gajendra Thakur गजेन्द्र ठाकुर","Maithili","","2025","2011-09-01","Book","INDIA","Allotted |

Allocation Letter","Gajendra","15762|ISBN|2025|A","2025-05-09","(Edit Expired) | Surrender ISBN
| Final Verso Page Uploaded [Verification Pending from RRRNA]","1","0","1","1","0","0","0","46","1","52"
"978-93-342-8853-7","विदेह मैथिली पत्रिका अंक ८७","","Gajendra","Maithili","","2025","2011-08-01","Book","INDIA","Allotted |

Allocation Letter","Gajendra","14518|ISBN|2025|A","2025-04-29","(Edit Expired) | Surrender ISBN
| Final Verso Page Uploaded [Verification Pending from RRRNA]","1","0","1","1","0","0","0","47","1","53"
"978-93-342-8354-9","विदेह मैथिली ई पत्रिका अंक ४१८","","Gajendra Thakur गजेन्द्र ठाकुर","Maithili","","2025","2025-05-15","Book","INDIA","Allotted |

Allocation Letter","Gajendra","13745|ISBN|2025|A","2025-04-22","(Edit Expired) | Surrender ISBN
| Final Verso Page Uploaded [Verification Pending from RRRNA]","1","0","1","1","0","0","0","48","1","54"
"978-93-342-8247-4","विदेह मैथिली ई पत्रिका अंक ४१७","","Gajendra Thakur","Maithili","","2025","2025-05-01","Book","INDIA","Allotted |

Allocation Letter","Gajendra","13588|ISBN|2025|A","2025-04-21","(Edit Expired) | Surrender ISBN
| Upload Final Verso Page","1","0","1","1","0","0","0","49","1","55"
"978-93-342-7497-4","विदेह मैथिली ई पत्रिका अंक 85","","Gajendra Thakur गजेन्द्र ठाकुर","Maithili","","2025","2011-07-01","Book","INDIA","Allotted |

Allocation Letter","Gajendra","12527|ISBN|2025|A","2025-04-10","(Edit Expired) | Surrender ISBN
| Final Verso Page Uploaded [Verification Pending from RRRNA]","1","0","1","1","0","0","0","50","1","56"
"978-93-342-7381-6","विदेह मैथिली ई पत्रिका अंक ८३","","Gajendra Thakur गजेन्द्र ठाकुर","Maithili","","2025","2011-06-01","Book","INDIA","Allotted |

Allocation Letter","Gajendra","12342|ISBN|2025|A","2025-04-09","(Edit Expired) | Surrender ISBN
| Final Verso Page Uploaded [Verification Pending from RRRNA]","1","0","1","1","0","0","0","51","1","57"
"978-93-342-7211-6","विदेह मैथिली ई पत्रिका अंक ४१६","","Gajendra Thakur","Maithili","","2025","2025-04-15","Book","INDIA","Allotted |

Allocation Letter","Gajendra","12118|ISBN|2025|A","2025-04-07","(Edit Expired) | Surrender ISBN
| Final Verso Page Uploaded [Verification Pending from RRRNA]","1","0","1","1","0","0","0","52","1","58"
"978-93-342-5296-5","विदेह मैथिली ई पत्रिका अंक 415","","Gajendra Thakur","Maithili","","2025","2025-04-01","Book","INDIA","Allotted |

Allocation Letter","Gajendra","9133|ISBN|2025|A","2025-03-13","(Edit Expired) | Surrender ISBN
| Final Verso Page Uploaded [Verification Pending from RRRNA]","1","0","1","1","0","0","0","53","1","59"
"978-93-342-5078-7","विदेह मैथिली ई पत्रिका अंक 414 देवनागरी","","Gajendra Thakur","Maithili","","2025","2025-03-15","Book","INDIA","Allotted |

Allocation Letter","Gajendra","8727|ISBN|2025|A","2025-03-11","(Edit Expired) | Surrender ISBN
| Final Verso Page Uploaded [Verification Pending from RRRNA]","1","0","1","1","0","0","0","54","1","60"
"978-93-342-4747-3","विदेह मैथिली ई पत्रिका अंक 514","","Gajendra Thakur","Maithili","","2025","2029-05-15","Book","INDIA","Allotted |

Allocation Letter","Gajendra","8031|ISBN|2025|A","2025-03-05","(Edit Expired) | Surrender ISBN
| Final Verso Page Uploaded [Verification Pending from RRRNA]","1","0","1","1","0","0","0","55","1","61"
"978-93-342-4372-7","विदेह मैथिली ई पत्रिका अंक ८०","","Gajendra Thakur","Maithili","","2025","2011-04-15","Book","INDIA","Allotted |

Allocation Letter","Gajendra","7589|ISBN|2025|A","2025-03-01","(Edit Expired) | Surrender ISBN
| Final Verso Page Uploaded [Verification Pending from RRRNA]","1","0","1","1","0","0","0","56","1","62"
"978-93-342-3976-8","विदेह मैथिली ई पत्रिका अंक में 78","","Gajendra Thakur","Maithili","","2025","2011-03-15","Book","INDIA","Allotted |

Allocation Letter","Gajendra","6978|ISBN|2025|A","2025-02-24","(Edit Expired) | Surrender ISBN
| Final Verso Page Uploaded [Verification Pending from RRRNA]","1","0","1","1","0","0","0","57","1","63"
"978-93-342-3822-8","विदेह मैथिली ई पत्रिका अंक 413","","Gajendra Thakur","Maithili","","2025","2025-03-01","Book","INDIA","Allotted |

Allocation Letter","Gajendra","6723|ISBN|2025|A","2025-02-21","(Edit Expired) | Surrender ISBN
| Final Verso Page Uploaded [Verification Pending from RRRNA]","1","0","1","1","0","0","0","58","1","64"
"978-93-342-3465-7","विदेह मैथिली ई पत्रिका अंक 75","","Gajendra Thakur","Maithili","","2025","2011-02-01","Book","INDIA","Allotted |

Allocation Letter","Gajendra","5935|ISBN|2025|A","2025-02-14","(Edit Expired) | Surrender ISBN
| Final Verso Page Uploaded [Verification Pending from RRRNA]","1","0","1","1","0","0","0","59","1","65"
"978-93-342-2978-3","विदेह मैथिली ई पत्रिका अंक 73","","Gajendra Thakur","Maithili","","2025","2011-01-01","Book","INDIA","Allotted |

Allocation Letter","Gajendra","5573|ISBN|2025|A","2025-02-13","(Edit Expired) | Surrender ISBN
| Final Verso Page Uploaded [Verification Pending from RRRNA]","1","0","1","1","0","0","0","60","1","66"
"978-93-342-2918-9","विदेह मैथिली ई पत्रिका अंक 71","","Gajendra Thakur","Maithili","","2025","2010-12-01","Book","INDIA","Allotted |

Allocation Letter","Gajendra","5472|ISBN|2025|A","2025-02-12","(Edit Expired) | Surrender ISBN
| Final Verso Page Uploaded [Verification Pending from RRRNA]","1","0","1","1","0","0","0","61","1","67"
"978-93-342-2705-5","विदेह मैथिली ई पत्रिका अंक 69","","Gajendra Thakur","Maithili","","2025","2010-11-01","Book","INDIA","Allotted |

Allocation Letter","Gajendra","5051|ISBN|2025|A","2025-02-10","(Edit Expired) | Surrender ISBN
| Final Verso Page Uploaded [Verification Pending from RRRNA]","1","0","1","1","0","0","0","62","1","68"
"978-93-342-2217-3","विदेह मैथिली ई पत्रिका अंक 67","","Gajendra Thakur","Maithili","","2025","2010-10-01","Book","INDIA","Allotted |

Allocation Letter","Gajendra","4416|ISBN|2025|A","2025-02-05","(Edit Expired) | Surrender ISBN
| Final Verso Page Uploaded [Verification Pending from RRRNA]","1","0","1","1","0","0","0","63","1","69"
"978-93-342-2187-9","विदेह मैथिल ई पत्रिका अंक 412 देवनागरी","","Gajendra Thakur","Maithili","","2025","2025-02-15","Book","INDIA","Allotted |

Allocation Letter","Gajendra","4205|ISBN|2025|A","2025-02-03","(Edit Expired) | Surrender ISBN
| Final Verso Page Uploaded [Verification Pending from RRRNA]","1","0","1","1","0","0","0","64","1","70"
"978-93-342-1781-0","विदेह मैथिली ई पत्रिका अंक 66","","Gajendra Thakur","Maithili","","2025","2010-09-15","Book","INDIA","Allotted |

Allocation Letter","Gajendra","3720|ISBN|2025|A","2025-01-30","(Edit Expired) | Surrender ISBN
| Final Verso Page Uploaded [Verification Pending from RRRNA]","1","0","1","1","0","0","0","65","1","71"
"978-93-342-1286-0","विदेह मैथिली ई पत्रिका अंक भाग 411","","Gajendra Thakur","Maithili","","2025","2025-02-01","Book","INDIA","Allotted |

Allocation Letter","Gajendra","2778|ISBN|2025|A","2025-01-22","(Edit Expired) | Surrender ISBN
| Final Verso Page Uploaded [Verification Pending from RRRNA]","1","0","1","1","0","0","0","66","1","72"
"978-93-342-0613-5","विदेह मैथिली ई पत्रिका अंक 63","","Gajendra Thakur","Maithili","","2025","2010-08-01","Book","INDIA","Allotted |

Allocation Letter","Gajendra","1875|ISBN|2025|A","2025-01-15","(Edit Expired) | Surrender ISBN
| Final Verso Page Uploaded [Verification Pending from RRRNA]","1","0","1","1","0","0","0","67","1","73"
"978-93-342-0225-0","विदेह् मैथिली ई पत्रिका अंक ४१० देवनागरी","","Gajendra Thakur","Maithili","","2025","2025-01-15","Book","INDIA","Allotted |

Allocation Letter","Gajendra","1048|ISBN|2025|A","2025-01-08","(Edit Expired) | Surrender ISBN
| Final Verso Page Uploaded [Verification Pending from RRRNA]","1","0","1","1","0","0","0","68","1","74"
"978-93-341-9761-7","विदेह मैथिली ई पत्रिका अंक 61","","Gajendra Thakur","Maithili","","2025","2010-07-01","Book","INDIA","Allotted |

Allocation Letter","Gajendra","284|ISBN|2025|A","2025-01-02","(Edit Expired) | Surrender ISBN
| Final Verso Page Uploaded [Verification Pending from RRRNA]","1","0","1","1","0","0","0","69","1","75"
"978-93-341-9574-3","विदेह मैथिली ई पत्रिका अंक 59","","Gajendra Thakur","Maithili","","2025","2010-06-01","Book","INDIA","Allotted |

Allocation Letter","Gajendra","39765|ISBN|2024|A","2024-12-31","(Edit Expired) | Surrender ISBN
| Final Verso Page Uploaded [Verification Pending from RRRNA]","1","0","1","1","0","0","0","70","1","76"
"978-93-341-9187-5","विदेह मैथिली ई पत्रिका अंक ५८","","Gajendra Thakur","Maithili","","2024","2010-05-15","Book","INDIA","Allotted |

Allocation Letter","Gajendra","39027|ISBN|2024|A","2024-12-24","(Edit Expired) | Surrender ISBN
| Final Verso Page Uploaded [Verification Pending from RRRNA]","1","0","1","1","0","0","0","71","1","77"
"978-93-341-8893-6","विदेह मैथिली ई पत्रिका अंक ४०९","","Gajendra Thakur","Maithili","","2024","2025-01-01","Book","INDIA","Allotted |

Allocation Letter","Gajendra","38497|ISBN|2024|A","2024-12-19","(Edit Expired) | Surrender ISBN
| Final Verso Page Uploaded [Verification Pending from RRRNA]","1","0","1","1","0","0","0","72","1","78"
"978-93-341-8608-6","विदेह मैथिली ई पत्रिका अंक 55","","Gajendra Thakur","Maithili","","2024","2010-04-01","Book","INDIA","Allotted |

Allocation Letter","Gajendra","37961|ISBN|2024|A","2024-12-15","(Edit Expired) | Surrender ISBN
| Final Verso Page Uploaded [Verification Pending from RRRNA]","1","0","1","1","0","0","0","73","1","79"
"978-93-341-8066-4","विदेह मैथिली ई पत्रिका अंक 408 मिथिलाक्षर","","Gajendra Thakur","Maithili","","2024","2024-12-15","Book","INDIA","Allotted |

Allocation Letter","Gajendra","36945|ISBN|2024|A","2024-12-07","(Edit Expired) | Surrender ISBN
| Final Verso Page Uploaded [Verification Pending from RRRNA]","1","0","1","1","0","0","0","74","1","80"
"978-93-341-7759-6","विदेह मैथिली ई पत्रिका अंक 408","","Gajendra Thakur","Maithili","","2024","2024-12-15","Book","INDIA","Allotted |

Allocation Letter","Gajendra","36370|ISBN|2024|A","2024-12-02","(Edit Expired) | Surrender ISBN
| Final Verso Page Uploaded [Verification Pending from RRRNA]","1","0","1","1","0","0","0","75","1","81"
"978-93-341-7274-4","विदेह मैथिली ई पत्रिका अंक 53","","Gajendra Thakur","Maithili","","2024","2010-03-01","Book","INDIA","Allotted |

Allocation Letter","Gajendra","35522|ISBN|2024|A","2024-11-26","(Edit Expired) | Surrender ISBN
| Final Verso Page Uploaded [Verification Pending from RRRNA]","1","0","1","1","0","0","0","76","1","82"
"978-93-341-7059-7","विदेह मैथिली ई पत्रिका अंक भाग 51","","Gajendra Thakur","Maithili","","2024","2010-02-01","Book","INDIA","Allotted |

Allocation Letter","Gajendra","35087|ISBN|2024|A","2024-11-22","(Edit Expired) | Surrender ISBN
| Final Verso Page Uploaded [Verification Pending from RRRNA]","1","0","1","1","0","0","0","77","1","83"
"978-93-341-6721-4","विदेह मैथिली ई पत्रिका अंक 407 देवनागरी","","Gajendra Thakur","Maithili","","2024","2024-12-01","Book","INDIA","Allotted |

Allocation Letter","Gajendra","34456|ISBN|2024|A","2024-11-18","(Edit Expired) | Surrender ISBN
| Final Verso Page Uploaded [Verification Pending from RRRNA]","1","0","1","1","0","0","0","78","1","84"
"978-93-341-6388-9","विदेह मैथिली ई पत्रिका अंक 48","","Gajendra Thakur","Maithili","","2024","2024-11-15","Book","INDIA","Allotted |

Allocation Letter","Gajendra","33935|ISBN|2024|A","2024-11-12","(Edit Expired) | Surrender ISBN
| Final Verso Page Uploaded [Verification Pending from RRRNA]","1","0","1","1","0","0","0","79","1","85"
"978-93-341-6195-3","विदेह मैथिली ई पत्रिका अंक 406 देवनागरी","","Gajendra Thakur","Maithili","","2024","2024-11-15","Book","INDIA","Allotted |

Allocation Letter","Gajendra","33491|ISBN|2024|A","2024-11-08","(Edit Expired) | Surrender ISBN
| Final Verso Page Uploaded [Verification Pending from RRRNA]","1","0","1","1","0","0","0","80","1","86"
"978-93-341-5972-1","विदेह मैथिली ई पत्रिका अंक ४०५ -हितनाथ झा- विशेषांक (देवनागरी)","","Gajendra Thakur","Maithili","","2024","2024-11-01","Book","INDIA","Allotted |

Allocation Letter","Gajendra","33039|ISBN|2024|A","2024-11-05","(Edit Expired) | Surrender ISBN
| Final Verso Page Uploaded [Verification Pending from RRRNA]","1","0","1","1","0","0","0","81","1","87"
"978-93-341-5738-3","विदेह मैथिली ई पत्रिका अंक 47","","Gajendra Thakur","Maithili","","2024","2009-12-01","Book","INDIA","Allotted |

Allocation Letter","Gajendra","32611|ISBN|2024|A","2024-10-30","(Edit Expired) | Surrender ISBN
| Final Verso Page Uploaded [Verification Pending from RRRNA]","1","0","1","1","0","0","0","82","1","88"
"978-93-341-5466-5","विदेह मैथिली ई पत्रिका अंक 45","","Gajendra Thakur","Maithili","","2024","2009-11-01","Book","INDIA","Allotted |

Allocation Letter","Gajendra","32185|ISBN|2024|A","2024-10-25","(Edit Expired) | Surrender ISBN
| Final Verso Page Uploaded [Verification Pending from RRRNA]","1","0","1","1","0","0","0","83","1","89"
"978-93-341-5389-7","विदेह मैथिली ई पत्रिका अंक 43","","Gajendra Thakur","Maithili","","2024","2009-10-01","Book","INDIA","Allotted |

Allocation Letter","Gajendra","31996|ISBN|2024|A","2024-10-24","(Edit Expired) | Surrender ISBN
| Final Verso Page Uploaded [Verification Pending from RRRNA]","1","0","1","1","0","0","0","84","1","90"
"978-93-341-4824-4","विदेह मैथिली ई पत्रिका अंक 39","","Gajendra Thakur","Maithili","","2024","2009-08-01","Book","INDIA","Allotted |

Allocation Letter","Gajendra","30985|ISBN|2024|A","2024-10-15","(Edit Expired) | Surrender ISBN
| Final Verso Page Uploaded [Verification Pending from RRRNA]","1","0","1","1","0","0","0","85","1","91"
"978-93-341-4799-5","विदेह मैथिली ई पत्रिका अंक ३७","","Gajendra Thakur","Maithili","","2024","2009-07-01","Book","INDIA","Allotted |

Allocation Letter","Gajendra","30911|ISBN|2024|A","2024-10-15","(Edit Expired) | Surrender ISBN
| Final Verso Page Uploaded [Verification Pending from RRRNA]","1","0","1","1","0","0","0","86","1","92"
"978-93-341-4667-7","विदेह मैथिली ई पत्रिका अंक ३५","","Gajendra Thakur गजेन्द्र ठाकुर","Maithili","","2024","2009-06-01","Book","INDIA","Allotted |

Allocation Letter","Gajendra","30689|ISBN|2024|A","2024-10-14","(Edit Expired) | Surrender ISBN
| Final Verso Page Uploaded [Verification Pending from RRRNA]","1","0","1","1","0","0","0","87","1","93"
"978-93-341-4581-6","विदेह मैथिली ई पत्रिका अंक 33","","Gajendra Thakur","Maithili","","2024","2009-05-01","Book","INDIA","Allotted |

Allocation Letter","Gajendra","30555|ISBN|2024|A","2024-10-11","(Edit Expired) | Surrender ISBN
| Final Verso Page Uploaded [Verification Pending from RRRNA]","1","0","1","1","0","0","0","88","1","94"
"978-93-341-4504-5","विदेह मैथिली ई पत्रिका अंक 404 देवनागरी","","Gajendra Thakur","Maithili","","2024","2024-10-15","Book","INDIA","Allotted |

Allocation Letter","Gajendra","30428|ISBN|2024|A","2024-10-10","(Edit Expired) | Surrender ISBN
| Final Verso Page Uploaded [Verification Pending from RRRNA]","1","0","1","1","0","0","0","89","1","95"
"978-93-341-4358-4","विदेह मैथिली ई पत्रिका अंक 31","","Gajendra Thakur","Maithili","","2024","2009-04-01","Book","INDIA","Allotted |

Allocation Letter","Gajendra","30144|ISBN|2024|A","2024-10-08","(Edit Expired) | Surrender ISBN
| Final Verso Page Uploaded [Verification Pending from RRRNA]","1","0","1","1","0","0","0","90","1","96"
"978-93-341-4149-8","विदेह मैथिली ई पत्रिका अंक 29","","Gajendra Thakur","Maithili","","2024","2024-03-01","Book","INDIA","Allotted |

Allocation Letter","Gajendra","29737|ISBN|2024|A","2024-10-04","(Edit Expired) | Surrender ISBN
| Final Verso Page Uploaded [Verification Pending from RRRNA]","1","0","1","1","0","0","0","91","1","97"
"978-93-341-3942-6","विदेह मैथिली ई पत्रिका अंक से 27","","Gajendra Thakur","Maithili","","2024","2009-02-01","Book","INDIA","Allotted |

Allocation Letter","Gajendra","29369|ISBN|2024|A","2024-10-01","(Edit Expired) | Surrender ISBN
| Final Verso Page Uploaded [Verification Pending from RRRNA]","1","0","1","1","0","0","0","92","1","98"
"978-93-341-3732-3","विदेह मैथिली ई पत्रिका अंक २५","","Gajendra Thakur","Maithili","","2024","2009-01-01","Book","INDIA","Allotted |

Allocation Letter","Gajendra","28981|ISBN|2024|A","2024-09-27","(Edit Expired) | Surrender ISBN
| Final Verso Page Uploaded [Verification Pending from RRRNA]","1","0","1","1","0","0","0","93","1","99"
"978-93-341-3646-3","विदेह मैथिली ई पत्रिका अंक 23","","Gajendra Thakur","Maithili","","2024","2008-12-01","Book","INDIA","Allotted |

Allocation Letter","Gajendra","28789|ISBN|2024|A","2024-09-26","(Edit Expired) | Surrender ISBN
| Final Verso Page Uploaded [Verification Pending from RRRNA]","1","0","1","1","0","0","0","94","1","100"
"978-93-341-3582-4","विदेह मैथिली ई पत्रिका अंक २१","","Gajendra Thakur","Maithili","","2024","2008-11-01","Book","INDIA","Allotted |

Allocation Letter","Gajendra","28700|ISBN|2024|A","2024-09-25","(Edit Expired) | Surrender ISBN
| Final Verso Page Uploaded [Verification Pending from RRRNA]","1","0","1","1","0","0","0","95","1","101"
"978-93-341-3568-8","विदेह मैथिली ई पत्रिका अंक उन्नैस","","Gajendra Thakur","Maithili","","2024","2008-10-01","Book","INDIA","Allotted |

Allocation Letter","Gajendra","28659|ISBN|2024|A","2024-09-25","(Edit Expired) | Surrender ISBN
| Final Verso Page Uploaded [Verification Pending from RRRNA]","1","0","1","1","0","0","0","96","1","102"
"978-93-341-3537-4","विदेह मैथिली ई पत्रिका अंक सत्रह","","Gajendra Thakur","Maithili","","2024","2008-09-01","Book","INDIA","Allotted |

Allocation Letter","Gajendra","28592|ISBN|2024|A","2024-09-25","(Edit Expired) | Surrender ISBN
| Final Verso Page Uploaded [Verification Pending from RRRNA]","1","0","1","1","0","0","0","97","1","103"
"978-93-341-3462-9","विदेह मैथिली ई पत्रिका अंक पन्द्रह","","Gajendra Thakur","Maithili","","2024","2008-08-01","Book","INDIA","Allotted |

Allocation Letter","Gajendra","28490|ISBN|2024|A","2024-09-24","(Edit Expired) | Surrender ISBN
| Final Verso Page Uploaded [Verification Pending from RRRNA]","1","0","1","1","0","0","0","98","1","104"
"978-93-341-3453-7","विदेह मैथिली ई पत्रिका अंक तेरह","","Gajendra Thakur","Maithili","","2024","2008-07-01","Book","INDIA","Allotted |

Allocation Letter","Gajendra","28443|ISBN|2024|A","2024-09-24","(Edit Expired) | Surrender ISBN
| Final Verso Page Uploaded [Verification Pending from RRRNA]","1","0","1","1","0","0","0","99","1","105"
"978-93-341-3377-6","विदेह 403 देवनागरी","","Gajendra Thakur","Maithili","","2024","2024-10-01","Book","INDIA","Allotted |

Allocation Letter","Gajendra","28296|ISBN|2024|A","2024-09-23","(Edit Expired) | Surrender ISBN
| Final Verso Page Uploaded [Verification Pending from RRRNA]","1","0","1","1","0","0","0","100","1","106"
"978-93-341-3242-7","विदेह मैथिली ई पत्रिका अंक एगारह","","Gajendra Thakur","Maithili","","2024","2008-06-01","Book","INDIA","Allotted |

Allocation Letter","Gajendra","28012|ISBN|2024|A","2024-09-20","(Edit Expired) | Surrender ISBN
| Final Verso Page Uploaded [Verification Pending from RRRNA]","1","0","1","1","0","0","0","101","1","107"
"978-93-341-3195-6","विदेह मैथिली ई पत्रिका अंक नौ","","Gajendra Thakur","Maithili","","2024","2008-05-01","Book","INDIA","Allotted |

Allocation Letter","Gajendra","27957|ISBN|2024|A","2024-09-20","(Edit Expired) | Surrender ISBN
| Final Verso Page Uploaded [Verification Pending from RRRNA]","1","0","1","1","0","0","0","102","1","108"
"978-93-341-3157-4","विदेह मैथिली ई पत्रिका अंक सात","","Gajendra Thakur","Maithili","","2024","2008-04-01","Book","INDIA","Allotted |

Allocation Letter","Gajendra","27833|ISBN|2024|A","2024-09-19","(Edit Expired) | Surrender ISBN
| Final Verso Page Uploaded [Verification Pending from RRRNA]","1","0","1","1","0","0","0","103","1","109"
"978-93-341-2983-0","विदेह मैथिली ई पत्रिका अंक ५","","Gajendra Thakur","Maithili","","2024","2008-03-01","Book","INDIA","Allotted |

Allocation Letter","Gajendra","27446|ISBN|2024|A","2024-09-17","(Edit Expired) | Surrender ISBN
| Final Verso Page Uploaded [Verification Pending from RRRNA]","1","0","1","1","0","0","0","104","1","110"
"978-93-341-2843-7","विदेह ई पत्रिका अंक ३","","Gajendra Thakur","Maithili","","2024","2008-02-01","Book","INDIA","Allotted |

Allocation Letter","Gajendra","27180|ISBN|2024|A","2024-09-13","(Edit Expired) | Surrender ISBN
| Final Verso Page Uploaded [Verification Pending from RRRNA]","1","0","1","1","0","0","0","105","1","111"
"978-93-341-2766-9","विदेह ई पत्रिका अंक १ जनवरी ०१ २००८ भालसारिक गाछ २००-२००७","","Gajendra Thakur","Maithili","2008","2024","2000-01-01","Book","INDIA","Allotted |

Allocation Letter","Gajendra","27059|ISBN|2024|A","2024-09-12","(Edit Expired) | Surrender ISBN
| Final Verso Page Uploaded [Verification Pending from RRRNA]","1","0","1","1","0","0","0","106","1","112"
"978-93-341-2705-8","विदेह ४०२ देवनागरी","","Gajendra Thakur","Maithili","","2024","2024-09-15","Book","INDIA","Allotted |

Allocation Letter","Gajendra","26950|ISBN|2024|A","2024-09-11","(Edit Expired) | Surrender ISBN
| Final Verso Page Uploaded [Verification Pending from RRRNA]","1","0","1","1","0","0","0","107","1","113"
"978-93-341-2639-6","विदेह मैथिली नाट्य उत्सव विदेह सदेह ८","","Gajendra Thakur","Maithili","2024","2024","2012-01-01","Book","INDIA","Allotted |

Allocation Letter","Gajendra","26819|ISBN|2024|A","2024-09-10","(Edit Expired) | Surrender ISBN
| Final Verso Page Uploaded [Verification Pending from RRRNA]","1","0","1","1","0","0","0","108","1","114"
"978-93-341-2561-0","विदेह मैथिली पद्य विदेह सदेह ७","","Gajendra Thakur","Maithili","2024","2024","2012-01-01","Book","INDIA","Allotted |

Allocation Letter","Gajendra","26617|ISBN|2024|A","2024-09-09","(Edit Expired) | Surrender ISBN
| Final Verso Page Uploaded [Verification Pending from RRRNA]","1","0","1","1","0","0","0","109","1","115"
"978-93-341-2448-4","विदेह मैथिली लघुकथा विदेह सदेह ६","","Gajendra Thakur","Maithili","2024","2024","2012-01-01","Book","INDIA","Allotted |

Allocation Letter","Gajendra","26400|ISBN|2024|A","2024-09-06","(Edit Expired) | Surrender ISBN
| Final Verso Page Uploaded [Verification Pending from RRRNA]","1","0","1","1","0","0","0","110","1","116"
"978-93-341-2373-9","विदेह मैथिली विहनि कथा विदेह सदेह ५","","Gajendra Thakur","Maithili","2013","2024","2012-01-01","Book","INDIA","Allotted |

Allocation Letter","Gajendra","26244|ISBN|2024|A","2024-09-05","(Edit Expired) | Surrender ISBN
| Final Verso Page Uploaded [Verification Pending from RRRNA]","1","0","1","1","0","0","0","111","1","117"
"978-93-341-2284-8","विदेह सदेह ४ मैथिली कथा","","Gajendra Thakur","Maithili","2024","2024","2010-01-15","Book","INDIA","Allotted |

Allocation Letter","Gajendra","26102|ISBN|2024|A","2024-09-04","(Edit Expired) | Surrender ISBN
| Final Verso Page Uploaded [Verification Pending from RRRNA]","1","0","1","1","0","0","0","112","1","118"
"978-93-341-2187-2","विदेह सदेह ३ मैथिली पद्य","","Gajendra Thakur","Maithili","2024","2024","2010-01-15","Book","INDIA","Allotted |

Allocation Letter","Gajendra","25874|ISBN|2024|A","2024-09-02","(Edit Expired) | Surrender ISBN
| Final Verso Page Uploaded [Verification Pending from RRRNA]","1","0","1","1","0","0","0","113","1","119"
"978-93-341-2057-8","विदेह सदेह २ मैथिली प्रबन्ध-निबन्ध-समालोचना","","Gajendra Thakur","Maithili","2024","2024","2010-01-15","Book","INDIA","Allotted |

Allocation Letter","Gajendra","25626|ISBN|2024|A","2024-08-30","(Edit Expired) | Surrender ISBN
| Final Verso Page Uploaded [Verification Pending from RRRNA]","1","0","1","1","0","0","0","114","1","120"
"978-93-341-2017-2","विदेह सदेह १","","Gajendra Thakur","Maithili","2024","2024","2009-01-15","Book","INDIA","Allotted |

Allocation Letter","Gajendra","25536|ISBN|2024|A","2024-08-30","(Edit Expired) | Surrender ISBN
| Final Verso Page Uploaded [Verification Pending from RRRNA]","1","0","1","1","0","0","0","115","1","121"
"978-93-341-1967-1","विदेह मिथिलाक्षर ४०१","","Gajendra Thakur","Maithili","","2024","2024-09-01","Book","INDIA","Allotted |

Allocation Letter","Gajendra","25438|ISBN|2024|A","2024-08-29","(Edit Expired) | Surrender ISBN
| Final Verso Page Uploaded [Verification Pending from RRRNA]","1","0","1","1","0","0","0","116","1","122"
"978-93-341-1933-6","विदेह देवनागरी ४०१","","Gajendra Thakur","Maithili","","2024","2024-09-01","Book","INDIA","Allotted |

Allocation Letter","Gajendra","25374|ISBN|2024|A","2024-08-29","(Edit Expired) | Surrender ISBN
| Final Verso Page Uploaded [Verification Pending from RRRNA]","1","0","1","1","0","0","0","117","1","123"
"978-93-341-1791-2","Learn Kaithi- Gajendra Thakur (2009/ 2023)","","Gajendra Thakur","Maithili","2023","2024","2009-01-01","Book","INDIA","Allotted |

Allocation Letter","Gajendra","25050|ISBN|2024|A","2024-08-27","(Edit Expired) | Surrender ISBN
| Final Verso Page Uploaded [Verification Pending from RRRNA]","1","0","1","1","0","0","0","118","1","124"
"978-93-341-1627-4","Learn Kharoshthi- Gajendra Thakur (2009/ 2023)","","Gajendra Thakur","Maithili","2023","2024","2009-01-01","Book","INDIA","Allotted |

Allocation Letter","Gajendra","24730|ISBN|2024|A","2024-08-23","(Edit Expired) | Surrender ISBN
| Final Verso Page Uploaded [Verification Pending from RRRNA]","1","0","1","1","0","0","0","119","1","125"
"978-93-341-1553-6","Learn Brahmi- Gajendra Thakur (2009/ 2023)","","Gajendra Thakur","Maithili","2023","2024","2009-01-01","Book","INDIA","Allotted |

Allocation Letter","Gajendra","24587|ISBN|2024|A","2024-08-22","(Edit Expired) | Surrender ISBN
| Final Verso Page Uploaded [Verification Pending from RRRNA]","1","0","1","1","0","0","0","120","1","126"
"978-93-341-1475-1","Learn Japanese Script for Haiku- Gajendra Thakur (2009/ 2023)","","Gajendra Thakur","Maithili","2023","2024","2009-01-01","Book","INDIA","Allotted |

Allocation Letter","Gajendra","24454|ISBN|2024|A","2024-08-21","(Edit Expired) | Surrender ISBN
| Final Verso Page Uploaded [Verification Pending from RRRNA]","1","0","1","1","0","0","0","121","1","127"
"978-93-341-1323-5","Learn Tibetan Script- Gajendra Thakur (2009/ 2023)","","Gajendra Thakur","Maithili","2023","2024","2009-01-01","Book","INDIA","Allotted |

Allocation Letter","Gajendra","24142|ISBN|2024|A","2024-08-19","(Edit Expired) | Surrender ISBN
| Final Verso Page Uploaded [Verification Pending from RRRNA]","1","0","1","1","0","0","0","122","1","128"
"978-93-341-1061-6","Learn Urdu Script- Gajendra Thakur (2009/ 2023)","","Gajendra Thakur","Maithili","2023","2024","2009-01-01","Book","INDIA","Allotted |

Allocation Letter","Gajendra","23631|ISBN|2024|A","2024-08-13","(Edit Expired) | Surrender ISBN
| Final Verso Page Uploaded [Verification Pending from RRRNA]","1","0","1","1","0","0","0","123","1","129"
"978-93-341-0816-3","Learn Calligraphic Newari (Ranjana)- Gajendra Thakur (2009/ 2023)","","Gajendra Thakur","Maithili","2023","2024","2009-01-01","Book","INDIA","Allotted |

Allocation Letter","Gajendra","23138|ISBN|2024|A","2024-08-09","(Edit Expired) | Surrender ISBN
| Final Verso Page Uploaded [Verification Pending from RRRNA]","1","0","1","1","0","0","0","124","1","130"
"978-93-341-0684-8","Learn Newari- Gajendra Thakur (2009/ 2023)","","Gajendra Thakur","Maithili","2023","2024","2009-01-01","Book","INDIA","Allotted |

Allocation Letter","Gajendra","22894|ISBN|2024|A","2024-08-07","(Edit Expired) | Surrender ISBN
| Final Verso Page Uploaded [Verification Pending from RRRNA]","1","0","1","1","0","0","0","125","1","131"
"978-93-341-0446-2","Learn Braille through Mithilakshar- Gajendra Thakur (2009/ 2023)","","Gajendra Thakur","Maithili","2023","2024","2009-01-01","Book","INDIA","Allotted |

Allocation Letter","Gajendra","22388|ISBN|2024|A","2024-08-02","(Edit Expired) | Surrender ISBN
| Final Verso Page Uploaded [Verification Pending from RRRNA]","1","0","1","1","0","0","0","127","1","132"
"978-93-341-0403-5","Learn IPA through Mithilakshar- Gajendra Thakur (2009/ 2023)","","Gajendra Thakur","Maithili","2023","2024","2009-01-01","Book","INDIA","Allotted |

Allocation Letter","Gajendra","22291|ISBN|2024|A","2024-08-01","(Edit Expired) | Surrender ISBN
| Final Verso Page Uploaded [Verification Pending from RRRNA]","1","0","1","1","0","0","0","128","1","133"
"978-93-341-0344-1","Learn Mithilakshar- Gajendra Thakur (2009/ 2023)","","Gajendra Thakur","Maithili","2023","2024","2009-01-01","Book","INDIA","Allotted |

Allocation Letter","Gajendra","22183|ISBN|2024|A","2024-08-01","(Edit Expired) | Surrender ISBN
| Final Verso Page Uploaded [Verification Pending from RRRNA]","1","0","1","1","0","0","0","129","1","134"
"978-93-341-0168-3","Learn Maithili Sign Language- Gajendra Thakur (2009/ 2023)","","Gajendra Thakur","Maithili","2023","2024","2009-01-01","Book","INDIA","Allotted |

Allocation Letter","Gajendra","21806|ISBN|2024|A","2024-07-30","(Edit Expired) | Surrender ISBN
| Final Verso Page Uploaded [Verification Pending from RRRNA]","1","0","1","1","0","0","0","130","1","135"
"978-93-340-9940-9","विदेह ४०० मिथिलाक्षर","","Gajendra Thakur","Maithili","","2024","2024-08-15","Book","INDIA","Allotted |

Allocation Letter","Gajendra","21304|ISBN|2024|A","2024-07-25","(Edit Expired) | Surrender ISBN
| Final Verso Page Uploaded [Verification Pending from RRRNA]","1","0","1","1","0","0","0","131","1","136"
"978-93-340-9728-3","विदेह ४०० देवनागरी","","Gajendra Thakur","Maithili","","2024","2024-08-15","Book","INDIA","Allotted |

Allocation Letter","Gajendra","20772|ISBN|2024|A","2024-07-22","(Edit Expired) | Surrender ISBN
| Final Verso Page Uploaded [Verification Pending from RRRNA]","1","0","1","1","0","0","0","132","1","137"
"978-93-340-9537-1","विदेह ३९९ मिथिलाक्षर","","Gajendra Thakur","Maithili","","2024","2024-08-01","Book","INDIA","Allotted |

Allocation Letter","Gajendra","20324|ISBN|2024|A","2024-07-18","(Edit Expired) | Surrender ISBN
| Final Verso Page Uploaded [Verification Pending from RRRNA]","1","0","1","1","0","0","0","133","1","138"
"978-93-340-9310-0","विदेह ३९९ देवनागरी","","Gajendra Thakur","Maithili","","2024","2024-08-01","Book","INDIA","Allotted |

Allocation Letter","Gajendra","19906|ISBN|2024|A","2024-07-15","(Edit Expired) | Surrender ISBN
| Final Verso Page Uploaded [Verification Pending from RRRNA]","1","0","1","1","0","0","0","134","1","139"
"978-93-340-9094-9","विदेह मिथिलाक्षर ३९८","","Gajendra Thakur","Maithili","","2024","2024-07-15","Book","INDIA","Allotted |

Allocation Letter","Gajendra","19325|ISBN|2024|A","2024-07-09","(Edit Expired) | Surrender ISBN
| Final Verso Page Uploaded [Verification Pending from RRRNA]","1","0","1","1","0","0","0","135","1","140"
"978-93-340-8966-0","विदेह ३९८ देवनागरी","","Gajendra Thakur","Maithili","","2024","2024-07-15","Book","INDIA","Allotted |

Allocation Letter","Gajendra","19073|ISBN|2024|A","2024-07-08","(Edit Expired) | Surrender ISBN
| Final Verso Page Uploaded [Verification Pending from RRRNA]","1","0","1","1","0","0","0","136","1","141"
"978-93-340-8800-7","मैथिलीक प्रतिनिधि गजल 2017","","Gajendra Thakur","Maithili","2024","2024","2017-01-01","Book","INDIA","Allotted |

Allocation Letter","Gajendra","18682|ISBN|2024|A","2024-07-04","(Edit Expired) | Surrender ISBN
| Final Verso Page Uploaded [Verification Pending from RRRNA]","1","0","1","1","0","0","0","137","1","142"
"978-93-340-8499-3","मैथिली गजल आगमन ओ प्रस्थान बिंदु गजलक आलोचना समालोचना समीक्षा 2012","","Gajendra Thakur","Maithili","2024","2024","2012-07-01","Big book","INDIA","Allotted |

Allocation Letter","Gajendra","17975|ISBN|2024|A","2024-06-28","(Edit Expired) | Surrender ISBN
| Final Verso Page Uploaded [Verification Pending from RRRNA]","1","0","1","1","0","0","0","138","1","143"
"978-93-340-8313-2","विदेह देवनागरी ३९७","","Gajendra Thakur","Maithili","","2024","2024-07-01","Book","INDIA","Allotted |

Allocation Letter","Gajendra","17555|ISBN|2024|A","2024-06-25","(Edit Expired) | Surrender ISBN
| Final Verso Page Uploaded [Verification Pending from RRRNA]","1","0","1","1","0","0","0","139","1","144"
"978-93-340-8043-8","विदेह ३९७ मिथिलाक्षर","","Gajendra Thakur","Maithili","","2024","2024-07-01","Book","INDIA","Allotted |

Allocation Letter","Gajendra","16774|ISBN|2024|A","2024-06-20","(Edit Expired) | Surrender ISBN
| Final Verso Page Uploaded [Verification Pending from RRRNA]","1","0","1","1","0","0","0","140","1","145"
"978-93-340-7795-7","विदेह ३९६ देवनागरी","","Gajendra Thakur","Maithili","","2024","2024-06-15","Book","INDIA","Allotted |

Allocation Letter","Gajendra","16080|ISBN|2024|A","2024-06-13","(Edit Expired) | Surrender ISBN
| Final Verso Page Uploaded [Verification Pending from RRRNA]","1","0","1","1","0","0","0","141","1","146"
"978-93-340-7604-2","विदेह ३९६ मिथिलाक्षर भाषाविद डॉ रामावतार यादव विशेषांक","","Gajendra Thakur","Maithili","","2024","2024-06-15","Book","INDIA","Allotted |

Allocation Letter","Gajendra","15493|ISBN|2024|A","2024-06-10","(Edit Expired) | Surrender ISBN
| Final Verso Page Uploaded [Verification Pending from RRRNA]","1","0","1","1","0","0","0","142","1","147"
"978-93-340-7344-7","विदेह ३९५ देवनागरी नरेन्द्र झा विशेषांक","","Gajendra Thakur","Maithili","","2024","2024-06-01","Book","INDIA","Allotted |

Allocation Letter","Gajendra","14655|ISBN|2024|A","2024-06-04","(Edit Expired) | Surrender ISBN
| Final Verso Page Uploaded [Verification Pending from RRRNA]","1","0","1","1","0","0","0","143","1","148"
"978-93-340-7110-8","विदेह ३९५ मिथिलाक्षर","","Gajendra Thakur","Maithili","","2024","2024-06-01","Book","INDIA","Allotted |

Allocation Letter","Gajendra","14154|ISBN|2024|A","2024-05-29","(Edit Expired) | Surrender ISBN
| Final Verso Page Uploaded [Verification Pending from RRRNA]","1","0","1","1","0","0","0","144","1","149"
"978-93-340-6969-3","विदेह ३९४ देवनागरी","","Gajendra Thakur","Maithili","","2024","2024-05-15","Book","INDIA","Allotted |

Allocation Letter","Gajendra","13818|ISBN|2024|A","2024-05-27","(Edit Expired) | Surrender ISBN
| Final Verso Page Uploaded [Verification Pending from RRRNA]","1","0","1","1","0","0","0","145","1","150"
"978-93-340-6724-8","विदेह ३९४ मिथिलाक्षर","","Gajendra Thakur","Maithili","","2024","2024-05-15","Book","INDIA","Allotted |

Allocation Letter","Gajendra","13269|ISBN|2024|A","2024-05-21","(Edit Expired) | Surrender ISBN
| Final Verso Page Uploaded [Verification Pending from RRRNA]","1","0","1","1","0","0","0","146","1","151"
"978-93-340-6426-1","विदेह ३९३ देवनागरी","","Gajendra Thakur","Maithili","","2024","2024-05-15","Book","INDIA","Allotted |

Allocation Letter","Gajendra","12640|ISBN|2024|A","2024-05-15","(Edit Expired) | Surrender ISBN
| Final Verso Page Uploaded [Verification Pending from RRRNA]","1","0","1","1","0","0","0","147","1","152"
"978-93-340-6134-5","Maithili-English Dictionary Vol I and II (2009)","","Gajendra Thakur","Maithili","2024","2024","2009-01-01","Book","INDIA","Allotted |

Allocation Letter","Gajendra","12059|ISBN|2024|A","2024-05-09","(Edit Expired) | Surrender ISBN
| Final Verso Page Uploaded [Verification Pending from RRRNA]","1","0","1","1","0","0","0","149","1","153"
"978-93-340-5963-2","विदेह ३९३ मिथिलाक्षर","","Gajendra Thakur","Maithili","","2024","2024-05-01","Book","INDIA","Allotted |

Allocation Letter","Gajendra","11738|ISBN|2024|A","2024-05-05","(Edit Expired) | Surrender ISBN
| Final Verso Page Uploaded [Verification Pending from RRRNA]","1","0","1","1","0","0","0","150","1","154"
"978-93-340-5348-7","Videha English Maithili Dictionary (2012)","","Gajendra Thakur","Maithili","2024","2024","2012-01-01","Book","INDIA","Allotted |

Allocation Letter","Gajendra","10569|ISBN|2024|A","2024-04-23","(Edit Expired) | Surrender ISBN
| Final Verso Page Uploaded [Verification Pending from RRRNA]","1","0","1","1","0","0","0","152","1","155"
"978-93-340-5153-7","English-Maithili Computer Dictionary","","Gajendra Thakur गजेन्द्र ठाकुर","Maithili","2024","2024","2009-01-01","Book","INDIA","Allotted |

Allocation Letter","Gajendra","10116|ISBN|2024|A","2024-04-17","(Edit Expired) | Surrender ISBN
| Final Verso Page Uploaded [Verification Pending from RRRNA]","1","0","1","1","0","0","0","153","1","156"
"978-93-340-4935-0","विदेह देवनागरी ३९२","","Gajendra Thakur गजेन्द्र ठाकुर","Maithili","","2024","2024-04-15","Book","INDIA","Allotted |

Allocation Letter","Gajendra","9660|ISBN|2024|A","2024-04-10","(Edit Expired) | Surrender ISBN
| Final Verso Page Uploaded [Verification Pending from RRRNA]","1","0","1","1","0","0","0","154","1","157"
"978-93-340-4852-0","जीनियोलोजिकल मैपिंग (450 ए. डी. सँ 2009 ए. डी. )--मिथिलाक पञ्जी प्रबन्ध -भाग-2","","Gajendra Thakur गजेन्द्र ठाकुर","Maithili","2024","2024","2012-01-01","Book","INDIA","Allotted |

Allocation Letter","Gajendra","9530|ISBN|2024|A","2024-04-09","(Edit Expired) | Surrender ISBN
| Final Verso Page Uploaded [Verification Pending from RRRNA]","1","0","1","1","0","0","0","155","1","158"
"978-93-340-4803-2","जीनोम मैपिंग (450 ए. डी. सँ 2009 ए. डी. )-मिथिलाक पञ्जी प्रबन्ध (2009)","","Gajendra Thakur गजेन्द्र ठाकुर","Maithili","2024","2024","2009-01-01","Book","INDIA","Allotted |

Allocation Letter","Gajendra","9405|ISBN|2024|A","2024-04-08","(Edit Expired) | Surrender ISBN
| Final Verso Page Uploaded [Verification Pending from RRRNA]","1","0","1","1","0","0","0","156","1","159"
"978-93-340-4678-6","मैथिली नाट्य उत्सव गजेन्द्र ठाकुरक विदेह नाट्य उत्सवमे मंचित नाटक सभक संकलन","","Gajendra Thakur गजेन्द्र ठाकुर","Maithili","2024","2024","2023-01-01","Book","INDIA","Allotted |

Allocation Letter","Gajendra","9192|ISBN|2024|A","2024-04-05","(Edit Expired) | Surrender ISBN
| Final Verso Page Uploaded [Verification Pending from RRRNA]","1","0","1","1","0","0","0","157","1","160"
"978-93-340-4637-3","दूषण पञ्जी The Black Book Geneology of Tattvachintamani Karak Gangesa Upadhyaya and others hitherto kept secret","","Gajendra Thakur गजेन्द्र ठाकुर","Maithili","2024","2024","2023-01-01","Book","INDIA","Allotted |

Allocation Letter","Gajendra","9122|ISBN|2024|A","2024-04-05","(Edit Expired) | Surrender ISBN
| Final Verso Page Uploaded [Verification Pending from RRRNA]","1","0","1","1","0","0","0","158","1","161"
"978-93-340-4576-5","सहस्रबाढ़नि ​​पहिल मैथिली ग्राफिक उपन्यास","","Gajendra Thakur गजेन्द्र ठाकुर","Maithili","","2024","2024-04-04","Book","INDIA","Allotted |

Allocation Letter","Gajendra","8995|ISBN|2024|A","2024-04-04","(Edit Expired) | Surrender ISBN
| Final Verso Page Uploaded [Verification Pending from RRRNA]","1","0","1","1","0","0","0","159","1","162"
"978-93-340-4497-3","विदेह ३९२ मिथिलाक्षर","","Gajendra Thakur गजेन्द्र ठाकुर","Maithili","","2024","2024-04-15","Book","INDIA","Allotted |

Allocation Letter","Gajendra","8826|ISBN|2024|A","2024-04-03","(Edit Expired) | Surrender ISBN
| Final Verso Page Uploaded [Verification Pending from RRRNA]","1","0","1","1","0","0","0","160","1","163"
"978-93-340-4253-5","गढ़ नारिकेल","","Gajendra Thakur (गजेन्द्र ठाकुर)","Maithili","2024","2024","2023-12-31","Book","INDIA","Allotted |

Allocation Letter","Gajendra","8371|ISBN|2024|A","2024-03-28","(Edit Expired) | Surrender ISBN
| Final Verso Page Uploaded [Verification Pending from RRRNA]","1","0","1","1","0","0","0","161","1","164"
"978-93-340-4034-0","गोंहि सभक बीच जलसमाधि","","Gajendra (गजेन्द्र ठाकुर)","Maithili","2024","2024","2023-01-01","Book","INDIA","Allotted |

Allocation Letter","Gajendra","7981|ISBN|2024|A","2024-03-22","(Edit Expired) | Surrender ISBN
| Final Verso Page Uploaded [Verification Pending from RRRNA]","1","0","1","1","0","0","0","162","1","165"
"978-93-340-3976-4","स्वप्न मे मिज्झर होइत (पद्य संग्रह)","","Gajendra Thakur (गजेन्द्र ठाकुर)","Maithili","2024","2024","2023-01-01","Book","INDIA","Allotted |

Allocation Letter","Gajendra","7877|ISBN|2024|A","2024-03-21","(Edit Expired) | Surrender ISBN
| Final Verso Page Uploaded [Verification Pending from RRRNA]","1","0","1","1","0","0","0","163","1","166"
"978-93-340-3923-8","विदेह सदेह ३६","","Gajendra Thakur (गजेन्द्र ठाकुर)","Maithili","2024","2024","2022-01-01","Book","INDIA","Allotted |

Allocation Letter","Gajendra","7780|ISBN|2024|A","2024-03-20","(Edit Expired) | Surrender ISBN
| Final Verso Page Uploaded [Verification Pending from RRRNA]","1","0","1","1","0","0","0","164","1","167"
"978-93-340-3822-4","विदेह लक्ष्मण झा 'सागर' विशेषांक","","Gajendra Thakur (गजेन्द्र ठाकुर)","Maithili","2024","2024","2023-11-15","Book","INDIA","Allotted |

Allocation Letter","Gajendra","7609|ISBN|2024|A","2024-03-19","(Edit Expired) | Surrender ISBN
| Final Verso Page Uploaded [Verification Pending from RRRNA]","1","0","1","1","0","0","0","165","1","168"
"978-93-340-3658-9","विदेह मिथिला स्टूडेण्ट यूनियन (एम.एस.यू.) विशेषांक","","Gajendra (गजेन्द्र ठाकुर)","Maithili","2024","2024","2023-06-01","Book","INDIA","Allotted |

Allocation Letter","Gajendra","7303|ISBN|2024|A","2024-03-15","(Edit Expired) | Surrender ISBN
| Final Verso Page Uploaded [Verification Pending from RRRNA]","1","0","1","1","0","0","0","166","1","169"
"978-93-340-3581-0","विदेह राम भरोस कापड़ि 'भ्रमर' विशेषांक","","Gajendra (गजेन्द्र ठाकुर)","Maithili","2024","2024","2023-05-15","Book","INDIA","Allotted |

Allocation Letter","Gajendra","7183|ISBN|2024|A","2024-03-14","(Edit Expired) | Surrender ISBN
| Final Verso Page Uploaded [Verification Pending from RRRNA]","1","0","1","1","0","0","0","167","1","170"
"978-93-340-3482-0","विदेह कला-विमर्श विशेषांक (सन्दर्भ- संजू दास, कृष्ण कुमार कश्यप, शशिबाला, एस.सी.सुमन आ श्वेता झा चौधरी)","","Gajendra (गजेन्द्र ठाकुर)","Maithili","2024","2024","2023-04-15","Book","INDIA","Allotted |

Allocation Letter","Gajendra","7022|ISBN|2024|A","2024-03-13","(Edit Expired) | Surrender ISBN
| Final Verso Page Uploaded [Verification Pending from RRRNA]","1","0","1","1","0","0","0","168","1","171"
"978-93-340-3370-0","मैथिली समीक्षाशास्त्र (देवनागरी)","","Gajendra (गजेन्द्र ठाकुर)","Maithili","2024","2024","2024-03-12","Book","INDIA","Allotted |

Allocation Letter","Gajendra","6778|ISBN|2024|A","2024-03-11","(Edit Expired) | Surrender ISBN
| Final Verso Page Uploaded [Verification Pending from RRRNA]","1","0","1","1","0","0","0","169","1","172"
"978-93-340-3127-0","नित नवल दिनेश कुमार मिश्र","","Gajendra (गजेन्द्र ठाकुर)","Maithili","","2024","2024-03-07","Book","INDIA","Allotted |

Allocation Letter","Gajendra","6356|ISBN|2024|A","2024-03-06","(Edit Expired) | Surrender ISBN
| Final Verso Page Uploaded [Verification Pending from RRRNA]","1","0","1","1","0","0","0","170","1","173"
"978-93-340-2974-1","नित नवल सुशील","","Gajendra (गजेन्द्र ठाकुर)","Maithili","","2024","2024-03-05","Book","INDIA","Allotted |

Allocation Letter","Gajendra","6085|ISBN|2024|A","2024-03-04","(Edit Expired) | Surrender ISBN
| Final Verso Page Uploaded [Verification Pending from RRRNA]","1","0","1","1","0","0","0","171","1","174"
"978-93-340-2847-8","विदेह शरदिन्दु चौधरी विशेषांक","","Gajendra (गजेन्द्र ठाकुर)","Maithili","2023","2024","2022-09-15","Book","INDIA","Allotted |

Allocation Letter","Gajendra","5782|ISBN|2024|A","2024-02-29","(Edit Expired) | Surrender ISBN
| Final Verso Page Uploaded [Verification Pending from RRRNA]","1","0","1","1","0","0","0","172","1","175"
"978-93-340-2694-8","विदेह प्रेमलता मिश्र 'प्रेम' विशेषांक","","Gajendra","Maithili","2023","2024","2022-09-01","Book","INDIA","Allotted |

Allocation Letter","Gajendra","5595|ISBN|2024|A","2024-02-27","(Edit Expired) | Surrender ISBN
| Final Verso Page Uploaded [Verification Pending from RRRNA]","1","0","1","1","0","0","0","173","1","176"
"978-93-340-2504-0","मैथिली समीक्षाशास्त्र (तिरहुता)","","Gajendra","Maithili","2023","2024","2022-12-31","Book","INDIA","Allotted |

Allocation Letter","Gajendra","5277|ISBN|2024|A","2024-02-23","(Edit Expired) | Surrender ISBN
| Final Verso Page Uploaded [Verification Pending from RRRNA]","1","0","1","1","0","0","0","174","1","177"
"978-93-340-2393-0","मैथिली समीक्षाशास्त्र (भाग-२, अनुप्रयोग)","","Gajendra","Maithili","2023","2024","2023-01-01","Book","INDIA","Allotted |

Allocation Letter","Gajendra","5085|ISBN|2024|A","2024-02-22","(Edit Expired) | Surrender ISBN
| Final Verso Page Uploaded [Verification Pending from RRRNA]","1","0","1","1","0","0","0","175","1","178"
"978-93-340-2331-2","पर्वत ऊपर भमरा जे सूतल","","Gajendra","Maithili","2023","2024","2023-01-01","Book","INDIA","Allotted |

Allocation Letter","Gajendra","4991|ISBN|2024|A","2024-02-21","(Edit Expired) | Surrender ISBN
| Final Verso Page Uploaded [Verification Pending from RRRNA]","1","0","1","1","0","0","0","176","1","179"
"978-93-340-2186-8","नित नवल सुभाष चन्द्र यादव","","Gajendra","Maithili","2023","2024","2022-12-31","Book","INDIA","Allotted |

Allocation Letter","Gajendra","4687|ISBN|2024|A","2024-02-19","(Edit Expired) | Surrender ISBN
| Final Verso Page Uploaded [Verification Pending from RRRNA]","1","0","1","1","0","0","0","177","1","180"
"978-93-340-2015-1","विदेह केदार नाथ चौधरी विशेषांक","","Gajendra","Maithili","2023","2024","2022-08-15","Book","INDIA","Allotted |

Allocation Letter","Gajendra","4374|ISBN|2024|A","2024-02-15","(Edit Expired) | Surrender ISBN
| Final Verso Page Uploaded [Verification Pending from RRRNA]","1","0","1","1","0","0","0","178","1","181"
"978-93-340-1878-3","विदेह रवीन्द्र नाथ ठाकुर विशेषांक","","Gajendra","Maithili","2023","2024","2022-06-15","Book","INDIA","Allotted |

Allocation Letter","Gajendra","4130|ISBN|2024|A","2024-02-13","(Edit Expired) | Surrender ISBN
| Final Verso Page Uploaded [Verification Pending from RRRNA]","1","0","1","1","0","0","0","179","1","182"
"978-93-340-1726-7","शहस्रशीर्षा (उपन्यास)","","Gajendra","Maithili","2023","2024","2010-01-01","Book","INDIA","Allotted |

Allocation Letter","Gajendra","3868|ISBN|2024|A","2024-02-09","(Edit Expired) | Surrender ISBN
| Final Verso Page Uploaded [Verification Pending from RRRNA]","1","0","1","1","0","0","0","180","1","183"
"978-93-340-1588-1","विदेह राजनन्दन लाल दास विशेषांक","","Gajendra","Maithili","2023","2024","2021-11-01","Book","INDIA","Allotted |

Allocation Letter","Gajendra","3601|ISBN|2024|A","2024-02-07","(Edit Expired) | Surrender ISBN
| Final Verso Page Uploaded [Verification Pending from RRRNA]","1","0","1","1","0","0","0","181","1","184"
"978-93-340-1427-3","विदेह जगदीश चन्द्र ठाकुर ’अनिल’ विशेषांक","","Gajendra","Maithili","2023","2024","2015-12-01","Book","INDIA","Allotted |

Allocation Letter","Gajendra","3299|ISBN|2024|A","2024-02-05","(Edit Expired) | Surrender ISBN
| Final Verso Page Uploaded [Verification Pending from RRRNA]","1","0","1","1","0","0","0","182","1","185"
"978-93-340-1233-0","विदेह अरविन्द ठाकुर विशेषांक","","Gajendra","Maithili","2023","2024","2015-11-01","Book","INDIA","Allotted |

Allocation Letter","Gajendra","2975|ISBN|2024|A","2024-02-01","(Edit Expired) | Surrender ISBN
| Final Verso Page Uploaded [Verification Pending from RRRNA]","1","0","1","1","0","0","0","183","1","186"
"978-93-340-0956-9","Preeti Karan Setu Banhal","","Gajendra","Maithili","2024","2024","2024-01-29","Book","INDIA","Allotted |

Allocation Letter","Gajendra","2509|ISBN|2024|A","2024-01-27","(Edit Expired) | Surrender ISBN
| Final Verso Page Uploaded [Verification Pending from RRRNA]","1","0","1","1","0","0","0","184","1","187"
"978-93-5980-148-3","विदेह रचनाकार अशोक विशेषांक","","Gajendra","Maithili","","2023","2023-08-28","Book","INDIA","Allotted |

Allocation Letter","Gajendra","16607|ISBN|2023|A","2023-08-25","(Edit Expired) | Surrender ISBN
| Final Verso Page Uploaded [Verification Pending from RRRNA]","1","0","1","1","0","0","0","187","1","188"
"978-93-5967-988-4","विदेह रामलोचन ठाकुर विशेषांक","","Gajendra","Maithili","","2023","2023-08-23","Book","INDIA","Allotted |

Allocation Letter","Gajendra","16143|ISBN|2023|A","2023-08-21","(Edit Expired) | Surrender ISBN
| Final Verso Page Uploaded [Verification Pending from RRRNA]","1","0","1","1","0","0","0","188","1","189"
"978-93-5890-150-4","गद्य पद्य भारती अनुवाद खण्ड 2 विदेह सदेह 37","Gadya Padya Bharti 2 | Videha Sadeha 37","Kumari Prity","Maithili","","2026","2026-04-18","Book","INDIA","Allotted |

Allocation Letter","Kumari Prity","16665|ISBN|2026|A","2026-04-15","(Edit Expired) | Surrender ISBN
| Final Verso Page Uploaded [Verification Pending from RRRNA]","1","0","1","1","0","0","0","1","1","190"
"978-93-5717-358-2","सेतुषाम","","Kumari Prity","Maithili","","2026","2026-02-09","Book","INDIA","Allotted |

Allocation Letter","Kumari Prity","6613|ISBN|2026|A","2026-02-09","(Edit Expired) | Surrender ISBN
| Final Verso Page Uploaded [Verification Pending from RRRNA]","1","0","1","1","0","0","0","3","1","191"
"978-93-343-0312-4","विदेह मैथिली ई पत्रिका अंक ९२","","Kumari Prity प्रीति ठाकुर","Maithili","","2025","2011-10-15","Book","INDIA","Allotted |

Allocation Letter","Kumari Prity","16640|ISBN|2025|A","2025-05-16","(Edit Expired) | Surrender ISBN
| Final Verso Page Uploaded [Verification Pending from RRRNA]","1","0","1","1","0","0","0","4","1","192"
"978-93-342-9825-3","विदेह मैथिली ई पत्रिका अंक ४१९ मिथिलाक्षर","","Kumari Prity प्रीति ठाकुर","Maithili","","2025","2025-06-01","Book","INDIA","Allotted |

Allocation Letter","Kumari Prity","16097|ISBN|2025|A","2025-05-13","(Edit Expired) | Surrender ISBN
| Final Verso Page Uploaded [Verification Pending from RRRNA]","1","0","1","1","0","0","0","5","1","193"
"978-93-342-9656-3","विदेह मैथिली ई पत्रिका अंक ९०","","Kumari Prity प्रीति ठाकुर","Maithili","","2025","2011-09-15","Book","INDIA","Allotted |

Allocation Letter","Kumari Prity","15765|ISBN|2025|A","2025-05-09","(Edit Expired) | Surrender ISBN
| Final Verso Page Uploaded [Verification Pending from RRRNA]","1","0","1","1","0","0","0","6","1","194"
"978-93-342-8857-5","विदेह मैथिली पत्रिका अंक ८८","","Kumari Prity","Maithili","","2025","2011-08-15","Book","INDIA","Allotted |

Allocation Letter","Kumari Prity","14521|ISBN|2025|A","2025-04-29","(Edit Expired) | Surrender ISBN
| Final Verso Page Uploaded [Verification Pending from RRRNA]","1","0","1","1","0","0","0","7","1","195"
"978-93-342-8356-3","विदेह मैथिली ई पत्रिका अंक ४१८ मिथिलाक्षर","","Kumari Prity प्रीति ठाकुर","Maithili","","2025","2025-05-15","Book","INDIA","Allotted |

Allocation Letter","Kumari Prity","13748|ISBN|2025|A","2025-04-22","(Edit Expired) | Surrender ISBN
| Final Verso Page Uploaded [Verification Pending from RRRNA]","1","0","1","1","0","0","0","8","1","196"
"978-93-342-8248-1","विदेह मैथिली ई पत्रिका अंक ४१७ मिथिलाक्षर","","Kumari Prity प्रीति ठाकुर","Maithili","","2025","2025-05-01","Book","INDIA","Allotted |

Allocation Letter","Kumari Prity","13589|ISBN|2025|A","2025-04-21","(Edit Expired) | Surrender ISBN
| Final Verso Page Uploaded [Verification Pending from RRRNA]","1","0","1","1","0","0","0","9","1","197"
"978-93-342-7496-7","विदेह मैथिली ई पत्रिका अंक 86","","Kumari Prity Preeti Thakur प्रीति ठाकुर","Maithili","","2025","2011-07-15","Book","INDIA","Allotted |

Allocation Letter","Kumari Prity","12526|ISBN|2025|A","2025-04-10","(Edit Expired) | Surrender ISBN
| Final Verso Page Uploaded [Verification Pending from RRRNA]","1","0","1","1","0","0","0","10","1","198"
"978-93-342-7382-3","विदेह मैथिली ई पत्रिका अंक ८४","","Kumari Prity प्रीति ठाकुर","Maithili","","2025","2011-06-15","Book","INDIA","Allotted |

Allocation Letter","Kumari Prity","12343|ISBN|2025|A","2025-04-09","(Edit Expired) | Surrender ISBN
| Final Verso Page Uploaded [Verification Pending from RRRNA]","1","0","1","1","0","0","0","11","1","199"
"978-93-342-7214-7","विदेह मैथिली ई पत्रिका अंक 416 मिथिलाक्षर","","Kumari Prity प्रीति ठाकुर","Maithili","","2025","2025-04-15","Book","INDIA","Allotted |

Allocation Letter","Kumari Prity","12123|ISBN|2025|A","2025-04-07","(Edit Expired) | Surrender ISBN
| Final Verso Page Uploaded [Verification Pending from RRRNA]","1","0","1","1","0","0","0","12","1","200"
"978-93-342-5297-2","विदेह मैथिली ई पत्रिका अंक 415 मिथिलाक्षर","","Kumari Prity Preeti Thakur प्रीति ठाकुर","Maithili","","2025","2025-04-01","Book","INDIA","Allotted |

Allocation Letter","Kumari Prity","9134|ISBN|2025|A","2025-03-13","(Edit Expired) | Surrender ISBN
| Final Verso Page Uploaded [Verification Pending from RRRNA]","1","0","1","1","0","0","0","13","1","201"
"978-93-342-5089-3","विदेह मैथिली ई पत्रिका अंक 82","","Kumari Prity Preeti Thakur प्रीति ठाकुर","Maithili","","2025","2011-03-15","Book","INDIA","Allotted |

Allocation Letter","Kumari Prity","8751|ISBN|2025|A","2025-03-11","(Edit Expired) | Surrender ISBN
| Final Verso Page Uploaded [Verification Pending from RRRNA]","1","0","1","1","0","0","0","14","1","202"
"978-93-342-4748-0","विदेह मैथिली ई पत्रिका अंक 414 मिथिलाक्षर","","Kumari Prity Preeti Thakur प्रीति ठाकुर","Maithili","","2025","2025-03-15","Book","INDIA","Allotted |

Allocation Letter","Kumari Prity","8032|ISBN|2025|A","2025-03-05","(Edit Expired) | Surrender ISBN
| Final Verso Page Uploaded [Verification Pending from RRRNA]","1","0","1","1","0","0","0","15","1","203"
"978-93-342-4373-4","विदेह मैथिली ई पत्रिका अंक ८१","","Kumari Prity प्रीति ठाकुर","Maithili","","2025","2011-05-01","Book","INDIA","Allotted |

Allocation Letter","Kumari Prity","7590|ISBN|2025|A","2025-03-01","(Edit Expired) | Surrender ISBN
| Final Verso Page Uploaded [Verification Pending from RRRNA]","1","0","1","1","0","0","0","16","1","204"
"978-93-342-3973-7","विदेह मैथिली ई पत्रिका अंक 79","","Kumari Prity Preeti Thakur प्रीति ठाकुर","Maithili","","2025","2011-04-01","Book","INDIA","Allotted |

Allocation Letter","Kumari Prity","6975|ISBN|2025|A","2025-02-24","(Edit Expired) | Surrender ISBN
| Final Verso Page Uploaded [Verification Pending from RRRNA]","1","0","1","1","0","0","0","17","1","205"
"978-93-342-3911-9","विदेह मैथिली ई पत्रिका अंक 413 मिथिलाक्षर","","Kumari Prity Preeti Thakur प्रीति ठाकुर","Maithili","","2025","2025-03-01","Book","INDIA","Allotted |

Allocation Letter","Kumari Prity","6724|ISBN|2025|A","2025-02-21","(Edit Expired) | Surrender ISBN
| Final Verso Page Uploaded [Verification Pending from RRRNA]","1","0","1","1","0","0","0","18","1","206"
"978-93-342-3466-4","विदेह मैथिली ई पत्रिका अंक 77","","Kumari Prity Preeti Thakur प्रीति ठाकुर","Maithili","","2025","2011-03-01","Book","INDIA","Allotted |

Allocation Letter","Kumari Prity","5934|ISBN|2025|A","2025-02-14","(Edit Expired) | Surrender ISBN
| Final Verso Page Uploaded [Verification Pending from RRRNA]","1","0","1","1","0","0","0","19","1","207"
"978-93-342-3238-7","विदेह मैथिली ई पत्रिका अंक 76","","Kumari Prity Preeti Thakur प्रीति ठाकुर","Maithili","","2025","2011-02-15","Book","INDIA","Allotted |

Allocation Letter","Kumari Prity","5904|ISBN|2025|A","2025-02-14","(Edit Expired) | Surrender ISBN
| Final Verso Page Uploaded [Verification Pending from RRRNA]","1","0","1","1","0","0","0","20","1","208"
"978-93-342-3049-9","विदेह मैथिली ई पत्रिका अंक 74","","Kumari Prity Preeti Thakur प्रीति ठाकुर","Maithili","","2025","2011-01-15","Book","INDIA","Allotted |

Allocation Letter","Kumari Prity","5669|ISBN|2025|A","2025-02-13","(Edit Expired) | Surrender ISBN
| Final Verso Page Uploaded [Verification Pending from RRRNA]","1","0","1","1","0","0","0","21","1","209"
"978-93-342-3020-8","विदेह मैथिली ई पत्रिका अंक ७२","","Kumari Prity Preeti Thakur प्रीति ठाकुर","Maithili","","2025","2010-12-15","Book","INDIA","Allotted |

Allocation Letter","Kumari Prity","5474|ISBN|2025|A","2025-02-12","(Edit Expired) | Surrender ISBN
| Final Verso Page Uploaded [Verification Pending from RRRNA]","1","0","1","1","0","0","0","22","1","210"
"978-93-342-2781-9","विदेह मैथिली ई पत्रिका अंक 70","","Kumari Prity Preeti Thakur प्रीति ठाकुर","Maithili","","2025","2010-11-15","Book","INDIA","Allotted |

Allocation Letter","Kumari Prity","5177|ISBN|2025|A","2025-02-11","(Edit Expired) | Surrender ISBN
| Final Verso Page Uploaded [Verification Pending from RRRNA]","1","0","1","1","0","0","0","23","1","211"
"978-93-342-2215-9","विदेह मैथिली ई पत्रिका अंक 68","","Kumari Prity Preeti Thakur प्रीति ठाकुर","Maithili","","2025","2010-10-15","Book","INDIA","Allotted |

Allocation Letter","Kumari Prity","4418|ISBN|2025|A","2025-02-05","(Edit Expired) | Surrender ISBN
| Final Verso Page Uploaded [Verification Pending from RRRNA]","1","0","1","1","0","0","0","24","1","212"
"978-93-342-2188-6","विदेह मैथिली ई पत्रिका अंक 412 मिथिलाक्षर","","Kumari Prity Preeti Thakur प्रीति ठाकुर","Maithili","","2025","2025-02-15","Book","INDIA","Allotted |

Allocation Letter","Kumari Prity","4206|ISBN|2025|A","2025-02-03","(Edit Expired) | Surrender ISBN
| Final Verso Page Uploaded [Verification Pending from RRRNA]","1","0","1","1","0","0","0","25","1","213"
"978-93-342-1782-7","विदेह मैथिली ई पत्रिका अंक 65","","Kumari Prity Preeti Thakur प्रीति ठाकुर","Maithili","","2025","2010-09-01","Book","INDIA","Allotted |

Allocation Letter","Kumari Prity","3721|ISBN|2025|A","2025-01-30","(Edit Expired) | Surrender ISBN
| Final Verso Page Uploaded [Verification Pending from RRRNA]","1","0","1","1","0","0","0","26","1","214"
"978-93-342-1502-1","विदेह मैथिली ई पत्रिका अंक 411 मिथिलाक्षर","","Kumari Prity Preeti Thakur","Maithili","","2025","2025-02-01","Book","INDIA","Allotted |

Allocation Letter","Kumari Prity","2779|ISBN|2025|A","2025-01-22","(Edit Expired) | Surrender ISBN
| Final Verso Page Uploaded [Verification Pending from RRRNA]","1","0","1","1","0","0","0","27","1","215"
"978-93-342-0614-2","विदेह मैथिली ई पत्रिका अंक 64","","Kumari Prity प्रीति ठाकुर","Maithili","","2025","2010-08-15","Book","INDIA","Allotted |

Allocation Letter","Kumari Prity","1876|ISBN|2025|A","2025-01-15","(Edit Expired) | Surrender ISBN
| Final Verso Page Uploaded [Verification Pending from RRRNA]","1","0","1","1","0","0","0","28","1","216"
"978-93-342-0226-7","विदेह मैथिली ई पत्रिका अंक ४१० मिथिलाक्षर","","Kumari Prity Preeti Thakur प्रीति ठाकुर","Maithili","","2025","2025-01-15","Book","INDIA","Allotted |

Allocation Letter","Kumari Prity","1049|ISBN|2025|A","2025-01-08","(Edit Expired) | Surrender ISBN
| Final Verso Page Uploaded [Verification Pending from RRRNA]","1","0","1","1","0","0","0","29","1","217"
"978-93-341-9762-4","विदेह मैथिली ई पत्रिका अंक भाग 62","","Kumari Prity Preeti Thakur प्रीति ठाकुर","Maithili","","2025","2010-07-15","Book","INDIA","Allotted |

Allocation Letter","Kumari Prity","285|ISBN|2025|A","2025-01-02","(Edit Expired) | Surrender ISBN
| Final Verso Page Uploaded [Verification Pending from RRRNA]","1","0","1","1","0","0","0","30","1","218"
"978-93-341-9575-0","विदेह मैथिली ई पत्रिका अंक 60","","Kumari Prity Preeti Thakur प्रीति ठाकुर","Maithili","","2025","2010-06-01","Book","INDIA","Allotted |

Allocation Letter","Kumari Prity","39766|ISBN|2024|A","2024-12-31","(Edit Expired) | Surrender ISBN
| Final Verso Page Uploaded [Verification Pending from RRRNA]","1","0","1","1","0","0","0","31","1","219"
"978-93-341-9186-8","विदेह मैथिली ई पत्रिका अंक ५७","","Kumari Prity Preeti Thakur प्रीति ठाकुर","Maithili","","2024","2010-05-01","Book","INDIA","Allotted |

Allocation Letter","Kumari Prity","39026|ISBN|2024|A","2024-12-24","(Edit Expired) | Surrender ISBN
| Final Verso Page Uploaded [Verification Pending from RRRNA]","1","0","1","1","0","0","0","32","1","220"
"978-93-341-8892-9","विदेह मैथिली ई पत्रिका अंक ४०९ मिथिलाक्षर","","Kumari Prity Preeti Thakur प्रीति ठाकुर","Maithili","","2024","2025-01-01","Book","INDIA","Allotted |

Allocation Letter","Kumari Prity","38496|ISBN|2024|A","2024-12-19","(Edit Expired) | Surrender ISBN
| Final Verso Page Uploaded [Verification Pending from RRRNA]","1","0","1","1","0","0","0","33","1","221"
"978-93-341-8609-3","विदेह मैथिली ई पत्रिका अंक 56","","Kumari Prity प्रीति ठाकुर Preeti Thakur","Maithili","","2024","2010-04-15","Book","INDIA","Allotted |

Allocation Letter","Kumari Prity","37962|ISBN|2024|A","2024-12-15","(Edit Expired) | Surrender ISBN
| Final Verso Page Uploaded [Verification Pending from RRRNA]","1","0","1","1","0","0","0","34","1","222"
"978-93-341-7964-4","विदेह मैथिली ई पत्रिका अंक ५४","","Kumari Prity Preeti Thakur प्रीति ठाकुर","Maithili","","2024","2010-03-15","Book","INDIA","Allotted |

Allocation Letter","Kumari Prity","36765|ISBN|2024|A","2024-12-06","(Edit Expired) | Surrender ISBN
| Final Verso Page Uploaded [Verification Pending from RRRNA]","1","0","1","1","0","0","0","35","1","223"
"978-93-341-7201-0","विदेह मैथिली ई पत्रिका अंक 52","","Kumari Prity Preeti Thakur प्रीति ठाकुर","Maithili","","2024","2010-02-15","Book","INDIA","Allotted |

Allocation Letter","Kumari Prity","35362|ISBN|2024|A","2024-11-25","(Edit Expired) | Surrender ISBN
| Final Verso Page Uploaded [Verification Pending from RRRNA]","1","0","1","1","0","0","0","36","1","224"
"978-93-341-6987-4","विदेह मैथिली ई पत्रिका अंक 50","","Kumari Prity Preeti Thakur प्रीति ठाकुर","Maithili","","2024","2010-01-15","Book","INDIA","Allotted |

Allocation Letter","Kumari Prity","35005|ISBN|2024|A","2024-11-21","(Edit Expired) | Surrender ISBN
| Final Verso Page Uploaded [Verification Pending from RRRNA]","1","0","1","1","0","0","0","37","1","225"
"978-93-341-6722-1","विदेह मैथिली ई पत्रिका अंक 407 मिथिलाक्षर","","Kumari Prity Preeti Thakur प्रीति ठाकुर","Maithili","","2024","2024-12-01","Book","INDIA","Allotted |

Allocation Letter","Kumari Prity","34458|ISBN|2024|A","2024-11-18","(Edit Expired) | Surrender ISBN
| Final Verso Page Uploaded [Verification Pending from RRRNA]","1","0","1","1","0","0","0","38","1","226"
"978-93-341-6390-2","विदेह मैथिली ई पत्रिका अंक 49","","Kumari Prity Preeti Thakur प्रीति ठाकुर","Maithili","","2024","2024-11-15","Book","INDIA","Allotted |

Allocation Letter","Kumari Prity","33937|ISBN|2024|A","2024-11-12","(Edit Expired) | Surrender ISBN
| Final Verso Page Uploaded [Verification Pending from RRRNA]","1","0","1","1","0","0","0","39","1","227"
"978-93-341-6196-0","विदेह मैथिली ई पत्रिका अंक 406 मिथिलाक्षर","","Kumari Prity Preeti Thakur","Maithili","","2024","2024-11-15","Book","INDIA","Allotted |

Allocation Letter","Kumari Prity","33492|ISBN|2024|A","2024-11-08","(Edit Expired) | Surrender ISBN
| Final Verso Page Uploaded [Verification Pending from RRRNA]","1","0","1","1","0","0","0","40","1","228"
"978-93-341-5973-8","विदेह मैथिली ई पत्रिका अंक ४०५ -हितनाथ झा- विशेषांक (मिथिलाक्षर)","","Kumari Prity Preeti Thakur प्रीति ठाकुर","Maithili","","2024","2024-11-01","Book","INDIA","Allotted |

Allocation Letter","Kumari Prity","33041|ISBN|2024|A","2024-11-05","(Edit Expired) | Surrender ISBN
| Final Verso Page Uploaded [Verification Pending from RRRNA]","1","0","1","1","0","0","0","41","1","229"
"978-93-341-5736-9","विदेह मैथिली ई पत्रिका अंक 46","","Kumari Prity Preeti Thakur प्रीति ठाकुर","Maithili","","2024","2009-11-15","Book","INDIA","Allotted |

Allocation Letter","Kumari Prity","32609|ISBN|2024|A","2024-10-30","(Edit Expired) | Surrender ISBN
| Final Verso Page Uploaded [Verification Pending from RRRNA]","1","0","1","1","0","0","0","42","1","230"
"978-93-341-5465-8","विदेह मैथिली ई पत्रिका अंक 44","","Kumari Prity Preeti Thakur प्रीति ठाकुर","Maithili","","2024","2009-10-15","Book","INDIA","Allotted |

Allocation Letter","Kumari Prity","32184|ISBN|2024|A","2024-10-25","(Edit Expired) | Surrender ISBN
| Final Verso Page Uploaded [Verification Pending from RRRNA]","1","0","1","1","0","0","0","43","1","231"
"978-93-341-5302-6","विदेह मैथिली ई पत्रिका अंक 42","","Kumari Prity Preeti Thakur","Maithili","","2024","2009-09-15","Book","INDIA","Allotted |

Allocation Letter","Kumari Prity","31855|ISBN|2024|A","2024-10-23","(Edit Expired) | Surrender ISBN
| Final Verso Page Uploaded [Verification Pending from RRRNA]","1","0","1","1","0","0","0","44","1","232"
"978-93-341-5219-7","विदेह मैथिली ई पत्रिका अंक 41","","Kumari Prity Preeti Thakur प्रीति ठाकुर","Maithili","","2024","2009-09-01","Book","INDIA","Allotted |

Allocation Letter","Kumari Prity","31698|ISBN|2024|A","2024-10-22","(Edit Expired) | Surrender ISBN
| Final Verso Page Uploaded [Verification Pending from RRRNA]","1","0","1","1","0","0","0","45","1","233"
"978-93-341-4922-7","विदेह मैथिली ई पत्रिका अंक 40","","Kumari Prity Preeti Thakur प्रीति ठाकुर","Maithili","","2024","2009-08-15","Book","INDIA","Allotted |

Allocation Letter","Kumari Prity","31164|ISBN|2024|A","2024-10-16","(Edit Expired) | Surrender ISBN
| Final Verso Page Uploaded [Verification Pending from RRRNA]","1","0","1","1","0","0","0","46","1","234"
"978-93-341-4800-8","विदेह मैथिली ई पत्रिका अंक ३८","","Kumari Prity प्रीति ठाकुर Preeti Thakur","Maithili","","2024","2009-07-15","Book","INDIA","Allotted |

Allocation Letter","Kumari Prity","30912|ISBN|2024|A","2024-10-15","(Edit Expired) | Surrender ISBN
| Final Verso Page Uploaded [Verification Pending from RRRNA]","1","0","1","1","0","0","0","47","1","235"
"978-93-341-4668-4","विदेह मैथिली ई पत्रिका अंक ३६","","Kumari Prity Preeti Thakur प्रीति ठाकुर","Maithili","","2024","2009-06-15","Book","INDIA","Allotted |

Allocation Letter","Kumari Prity","30690|ISBN|2024|A","2024-10-14","(Edit Expired) | Surrender ISBN
| Final Verso Page Uploaded [Verification Pending from RRRNA]","1","0","1","1","0","0","0","48","1","236"
"978-93-341-4578-6","विदेह मैथिली ई पत्रिका अंक 34","","Kumari Prity Preeti Thakur प्रीति ठाकुर","Maithili","","2024","2009-05-15","Book","INDIA","Allotted |

Allocation Letter","Kumari Prity","30552|ISBN|2024|A","2024-10-11","(Edit Expired) | Surrender ISBN
| Final Verso Page Uploaded [Verification Pending from RRRNA]","1","0","1","1","0","0","0","49","1","237"
"978-93-341-4475-8","विदेह मैथिली ई पत्रिका अंक 404 मिथिलाक्षर","","Kumari Prity Preeti Thakur प्रीति ठाकुर","Maithili","","2024","2024-10-15","Book","INDIA","Allotted |

Allocation Letter","Kumari Prity","30355|ISBN|2024|A","2024-10-10","(Edit Expired) | Surrender ISBN
| Final Verso Page Uploaded [Verification Pending from RRRNA]","1","0","1","1","0","0","0","50","1","238"
"978-93-341-4276-1","विदेह मैथिली ई पत्रिका अंक 32","","Kumari Prity Preeti Thakur प्रीति ठाकुर","Maithili","","2024","2009-04-15","Book","INDIA","Allotted |

Allocation Letter","Kumari Prity","30000|ISBN|2024|A","2024-10-07","(Edit Expired) | Surrender ISBN
| Final Verso Page Uploaded [Verification Pending from RRRNA]","1","0","1","1","0","0","0","51","1","239"
"978-93-341-4125-2","विदेह मैथिली ई पत्रिका अंक ३०","","Kumari Prity Preeti Thakur प्रीति ठाकुर","Maithili","","2024","2009-03-15","Book","INDIA","Allotted |

Allocation Letter","Kumari Prity","29680|ISBN|2024|A","2024-10-04","(Edit Expired) | Surrender ISBN
| Final Verso Page Uploaded [Verification Pending from RRRNA]","1","0","1","1","0","0","0","52","1","240"
"978-93-341-3943-3","विदेह मैथिली ई पत्रिका अंक 28","","Kumari Prity प्रीति ठाकुर Preeti Thakur","Maithili","","2024","2009-02-15","Book","INDIA","Allotted |

Allocation Letter","Kumari Prity","29371|ISBN|2024|A","2024-10-01","(Edit Expired) | Surrender ISBN
| Final Verso Page Uploaded [Verification Pending from RRRNA]","1","0","1","1","0","0","0","53","1","241"
"978-93-341-3731-6","विदेह मैथिली ई पत्रिका अंक २६","","Kumari Prity Preeti Thakur प्रीति ठाकुर","Maithili","","2024","2009-01-15","Book","INDIA","Allotted |

Allocation Letter","Kumari Prity","28980|ISBN|2024|A","2024-09-27","(Edit Expired) | Surrender ISBN
| Final Verso Page Uploaded [Verification Pending from RRRNA]","1","0","1","1","0","0","0","54","1","242"
"978-93-341-3651-7","विदेह मैथिली ई पत्रिका अंक २४","","Kumari Prity Preeti Thakur प्रीति ठाकुर","Maithili","","2024","2008-12-15","Book","INDIA","Allotted |

Allocation Letter","Kumari Prity","28797|ISBN|2024|A","2024-09-26","(Edit Expired) | Surrender ISBN
| Final Verso Page Uploaded [Verification Pending from RRRNA]","1","0","1","1","0","0","0","55","1","243"
"978-93-341-3581-7","विदेह मैथिली ई पत्रिका अंक २२","","Kumari Prity Preeti Thakur प्रीति ठाकुर","Maithili","","2024","2008-11-15","Book","INDIA","Allotted |

Allocation Letter","Kumari Prity","28699|ISBN|2024|A","2024-09-25","(Edit Expired) | Surrender ISBN
| Final Verso Page Uploaded [Verification Pending from RRRNA]","1","0","1","1","0","0","0","56","1","244"
"978-93-341-3569-5","विदेह मैथिली ई पत्रिका अंक बीस","","Kumari Prity Preeti Thakur प्रीति ठाकुर","Maithili","","2024","2008-10-15","Book","INDIA","Allotted |

Allocation Letter","Kumari Prity","28660|ISBN|2024|A","2024-09-25","(Edit Expired) | Surrender ISBN
| Final Verso Page Uploaded [Verification Pending from RRRNA]","1","0","1","1","0","0","0","57","1","245"
"978-93-341-3539-8","विदेह मैथिली ई पत्रिका अंक अठारह","","Kumari Prity Preeti Thakur प्रीति ठाकुर","Maithili","","2024","2008-09-15","Book","INDIA","Allotted |

Allocation Letter","Kumari Prity","28594|ISBN|2024|A","2024-09-25","(Edit Expired) | Surrender ISBN
| Final Verso Page Uploaded [Verification Pending from RRRNA]","1","0","1","1","0","0","0","58","1","246"
"978-93-341-3463-6","विदेह मैथिली ई पत्रिका अंक सोलह","","Kumari Prity Preeti Thakur प्रीति ठाकुर","Maithili","","2024","2008-08-15","Book","INDIA","Allotted |

Allocation Letter","Kumari Prity","28491|ISBN|2024|A","2024-09-24","(Edit Expired) | Surrender ISBN
| Final Verso Page Uploaded [Verification Pending from RRRNA]","1","0","1","1","0","0","0","59","1","247"
"978-93-341-3455-1","विदेह मैथिली ई पत्रिका अंक चौदह","","Kumari Prity Preeti Thakur प्रीति ठाकुर","Maithili","","2024","2008-07-15","Book","INDIA","Allotted |

Allocation Letter","Kumari Prity","28446|ISBN|2024|A","2024-09-24","(Edit Expired) | Surrender ISBN
| Final Verso Page Uploaded [Verification Pending from RRRNA]","1","0","1","1","0","0","0","60","1","248"
"978-93-341-3376-9","विदेह 403 मिथिलाक्षर","","Kumari Prity Preeti Thakur प्रीति ठाकुर","Maithili","","2024","2024-10-01","Book","INDIA","Allotted |

Allocation Letter","Kumari Prity","28294|ISBN|2024|A","2024-09-23","(Edit Expired) | Surrender ISBN
| Final Verso Page Uploaded [Verification Pending from RRRNA]","1","0","1","1","0","0","0","61","1","249"
"978-93-341-3243-4","विदेह मैथिली ई पत्रिका अंक बारह","","Kumari Prity Preeti Thakur प्रीति ठाकुर","Maithili","","2024","2008-06-01","Book","INDIA","Allotted |

Allocation Letter","Kumari Prity","28013|ISBN|2024|A","2024-09-20","(Edit Expired) | Surrender ISBN
| Final Verso Page Uploaded [Verification Pending from RRRNA]","1","0","1","1","0","0","0","62","1","250"
"978-93-341-3196-3","विदेह मैथिली ई पत्रिका अंक दस","","Kumari Prity Preeti Thakur प्रीति ठाकुर","Maithili","","2024","2008-05-15","Book","INDIA","Allotted |

Allocation Letter","Kumari Prity","27958|ISBN|2024|A","2024-09-20","(Edit Expired) | Surrender ISBN
| Final Verso Page Uploaded [Verification Pending from RRRNA]","1","0","1","1","0","0","0","63","1","251"
"978-93-341-3158-1","विदेह मैथिली ई पत्रिका अंक आठ","","Kumari Prity Preeti Thakur प्रीति ठाकुर","Maithili","","2024","2008-04-15","Book","INDIA","Allotted |

Allocation Letter","Kumari Prity","27834|ISBN|2024|A","2024-09-19","(Edit Expired) | Surrender ISBN
| Final Verso Page Uploaded [Verification Pending from RRRNA]","1","0","1","1","0","0","0","64","1","252"
"978-93-341-2969-4","विदेह मैथिली ई पत्रिका अंक ६","","Kumari Prity Preeti Thakur प्रीति ठाकुर","Maithili","","2024","2008-03-15","Book","INDIA","Allotted |

Allocation Letter","Kumari Prity","27557|ISBN|2024|A","2024-09-18","(Edit Expired) | Surrender ISBN
| Final Verso Page Uploaded [Verification Pending from RRRNA]","1","0","1","1","0","0","0","65","1","253"
"978-93-341-2844-4","विदेह ई पत्रिका अंक ४","","Kumari Prity Preeti Thakur प्रीति ठाकुर","Maithili","","2024","2008-02-15","Book","INDIA","Allotted |

Allocation Letter","Kumari Prity","27182|ISBN|2024|A","2024-09-13","(Edit Expired) | Surrender ISBN
| Final Verso Page Uploaded [Verification Pending from RRRNA]","1","0","1","1","0","0","0","66","1","254"
"978-93-341-2767-6","विदेह मैथिली ई पत्रिका अंक २ जनवरी १५ २००८","","Kumari Prity Preeti Thakur प्रीति ठाकुर","Maithili","","2024","2008-02-15","Book","INDIA","Allotted |

Allocation Letter","Kumari Prity","27060|ISBN|2024|A","2024-09-12","(Edit Expired) | Surrender ISBN
| Final Verso Page Uploaded [Verification Pending from RRRNA]","1","0","1","1","0","0","0","67","1","255"
"978-93-341-2707-2","विदेह ४०२ मिथिलाक्षर","","Kumari Prity Preeti Thakur","Maithili","","2024","2024-09-15","Book","INDIA","Allotted |

Allocation Letter","Kumari Prity","26953|ISBN|2024|A","2024-09-11","(Edit Expired) | Surrender ISBN
| Final Verso Page Uploaded [Verification Pending from RRRNA]","1","0","1","1","0","0","0","68","1","256"
"978-93-341-2631-0","विदेह मैथिली शिशु उत्सव विदेह सदेह ९","","Kumari Prity Preeti Thakur","Maithili","2024","2024","2012-01-01","Book","INDIA","Allotted |

Allocation Letter","Kumari Prity","26798|ISBN|2024|A","2024-09-10","(Edit Expired) | Surrender ISBN
| Final Verso Page Uploaded [Verification Pending from RRRNA]","1","0","1","1","0","0","0","69","1","257"
"978-93-341-2562-7","विदेह मैथिली प्रबन्ध निबन्ध समालोचना विदेह सदेह १०","","Kumari Prity Preeti Thakur","Maithili","2024","2024","2012-01-01","Book","INDIA","Allotted |

Allocation Letter","Kumari Prity","26621|ISBN|2024|A","2024-09-09","(Edit Expired) | Surrender ISBN
| Final Verso Page Uploaded [Verification Pending from RRRNA]","1","0","1","1","0","0","0","70","1","258"
"978-93-341-2456-9","विदेह सदेह ११","","Kumari Prity Preeti Thakur","Maithili","2024","2024","2012-01-01","Book","INDIA","Allotted |

Allocation Letter","Kumari Prity","26411|ISBN|2024|A","2024-09-06","(Edit Expired) | Surrender ISBN
| Final Verso Page Uploaded [Verification Pending from RRRNA]","1","0","1","1","0","0","0","71","1","259"
"978-93-341-2374-6","विदेह:सदेह १२","","Kumari Prity Preeti Thakur","Maithili","2024","2024","2012-01-01","Book","INDIA","Allotted |

Allocation Letter","Kumari Prity","26245|ISBN|2024|A","2024-09-05","(Edit Expired) | Surrender ISBN
| Final Verso Page Uploaded [Verification Pending from RRRNA]","1","0","1","1","0","0","0","72","1","260"
"978-93-341-2286-2","विदेह सदेह १३","","Kumari Prity Preeti Thakur","Maithili","2024","2024","2013-01-01","Book","INDIA","Allotted |

Allocation Letter","Kumari Prity","26113|ISBN|2024|A","2024-09-04","(Edit Expired) | Surrender ISBN
| Final Verso Page Uploaded [Verification Pending from RRRNA]","1","0","1","1","0","0","0","73","1","261"
"978-93-341-2183-4","विदेह सदेह १४","","Kumari Prity Preeti Thakur","Maithili","2022","2024","2013-01-01","Book","INDIA","Allotted |

Allocation Letter","Kumari Prity","25864|ISBN|2024|A","2024-09-02","(Edit Expired) | Surrender ISBN
| Final Verso Page Uploaded [Verification Pending from RRRNA]","1","0","1","1","0","0","0","74","1","262"
"978-93-341-2055-4","विदेह सदेह १५","","Kumari Prity Preeti Thakur","Maithili","2022","2024","2013-01-01","Book","INDIA","Allotted |

Allocation Letter","Kumari Prity","25620|ISBN|2024|A","2024-08-30","(Edit Expired) | Surrender ISBN
| Final Verso Page Uploaded [Verification Pending from RRRNA]","1","0","1","1","0","0","0","75","1","263"
"978-93-341-2018-9","विदेह सदेह १६","","Kumari Prity Preeti Thakur","Maithili","2022","2024","2014-01-01","Book","INDIA","Allotted |

Allocation Letter","Kumari Prity","25539|ISBN|2024|A","2024-08-30","(Edit Expired) | Surrender ISBN
| Final Verso Page Uploaded [Verification Pending from RRRNA]","1","0","1","1","0","0","0","76","1","264"
"978-93-341-1969-5","विदेह सदेह १७","","Kumari Prity Preeti Thakur","Maithili","2022","2024","2015-01-01","Book","INDIA","Allotted |

Allocation Letter","Kumari Prity","25440|ISBN|2024|A","2024-08-29","(Edit Expired) | Surrender ISBN
| Final Verso Page Uploaded [Verification Pending from RRRNA]","1","0","1","1","0","0","0","77","1","265"
"978-93-341-1936-7","विदेह सदेह १८","","Kumari Prity Preeti Thakur","Maithili","2022","2024","2018-01-01","Book","INDIA","Allotted |

Allocation Letter","Kumari Prity","25379|ISBN|2024|A","2024-08-29","(Edit Expired) | Surrender ISBN
| Final Verso Page Uploaded [Verification Pending from RRRNA]","1","0","1","1","0","0","0","78","1","266"
"978-93-341-1792-9","विदेह सदेह १९","","Kumari Prity Preeti Thakur","Maithili","2022","2024","2018-01-01","Book","INDIA","Allotted |

Allocation Letter","Kumari Prity","25052|ISBN|2024|A","2024-08-27","(Edit Expired) | Surrender ISBN
| Final Verso Page Uploaded [Verification Pending from RRRNA]","1","0","1","1","0","0","0","79","1","267"
"978-93-341-1630-4","विदेह सदेह २०","","Kumari Prity Preeti Thakur","Maithili","2024","2024","2020-01-01","Book","INDIA","Allotted |

Allocation Letter","Kumari Prity","24735|ISBN|2024|A","2024-08-23","(Edit Expired) | Surrender ISBN
| Final Verso Page Uploaded [Verification Pending from RRRNA]","1","0","1","1","0","0","0","80","1","268"
"978-93-341-1554-3","विदेह सदेह २१","","Kumari Prity Preeti Thakur","Maithili","2022","2024","2020-01-01","Book","INDIA","Allotted |

Allocation Letter","Kumari Prity","24588|ISBN|2024|A","2024-08-22","(Edit Expired) | Surrender ISBN
| Final Verso Page Uploaded [Verification Pending from RRRNA]","1","0","1","1","0","0","0","81","1","269"
"978-93-341-1477-5","विदेह सदेह २२","","Kumari Prity Preeti Thakur","Maithili","2024","2024","2022-01-01","Book","INDIA","Allotted |

Allocation Letter","Kumari Prity","24456|ISBN|2024|A","2024-08-21","(Edit Expired) | Surrender ISBN
| Final Verso Page Uploaded [Verification Pending from RRRNA]","1","0","1","1","0","0","0","82","1","270"
"978-93-341-1324-2","विदेह सदेह २३","","Kumari Prity Preeti Thakur प्रीति ठाकुर","Maithili","2024","2024","2022-01-01","Book","INDIA","Allotted |

Allocation Letter","Kumari Prity","24143|ISBN|2024|A","2024-08-19","(Edit Expired) | Surrender ISBN
| Final Verso Page Uploaded [Verification Pending from RRRNA]","1","0","1","1","0","0","0","83","1","271"
"978-93-341-1060-9","विदेह सदेह २४","","Kumari Prity Preeti Thakur","Maithili","2024","2024","2022-01-01","Book","INDIA","Allotted |

Allocation Letter","Kumari Prity","23629|ISBN|2024|A","2024-08-13","(Edit Expired) | Surrender ISBN
| Final Verso Page Uploaded [Verification Pending from RRRNA]","1","0","1","1","0","0","0","84","1","272"
"978-93-341-0981-8","विदेह सदेह २५","","Kumari Prity Preeti Thakur प्रीति ठाकुर","Maithili","2024","2024","2022-01-01","Book","INDIA","Allotted |

Allocation Letter","Kumari Prity","23481|ISBN|2024|A","2024-08-12","(Edit Expired) | Surrender ISBN
| Final Verso Page Uploaded [Verification Pending from RRRNA]","1","0","1","1","0","0","0","85","1","273"
"978-93-341-0669-5","विदेह सदेह २६ डॉ शम्भु कुमार सिंह आ डॉ अरुण कुमार सिंह अंक १ to ३५० सँ","","Kumari Prity Preeti Thakur","Maithili","2024","2024","2022-01-01","Book","INDIA","Allotted |

Allocation Letter","Kumari Prity","22863|ISBN|2024|A","2024-08-07","(Edit Expired) | Surrender ISBN
| Final Verso Page Uploaded [Verification Pending from RRRNA]","1","0","1","1","0","0","0","86","1","274"
"978-93-341-0456-1","विदेह सदेह २७ गजेन्द्र ठाकुर आ रवि भूषण पाठकक आन भाषासँ अनूदित गद्य आ पद्य अंक १ to ३५० सँ","","Kumari Prity Preeti Thakur प्रीति ठाकुर","Maithili","2024","2024","2022-01-01","Book","INDIA","Allotted |

Allocation Letter","Kumari Prity","22404|ISBN|2024|A","2024-08-02","(Edit Expired) | Surrender ISBN
| Final Verso Page Uploaded [Verification Pending from RRRNA]","1","0","1","1","0","0","0","87","1","275"
"978-93-341-0402-8","विदेह सदेह २८ अनूदित गद्य आ पद्य अंक १ to ३५०","Gadya Padya Bharti 1 | Videha Sadeha 28","Kumari Prity Preeti Thakur","Maithili","2024","2024","2022-01-01","Book","INDIA","Allotted |

Allocation Letter","Kumari Prity","22290|ISBN|2024|A","2024-08-01","(Edit Expired) | Surrender ISBN
| Final Verso Page Uploaded [Verification Pending from RRRNA]","1","0","1","1","0","0","0","88","1","276"
"978-93-341-0342-7","विदेह सदेह २९ रवि भूषण पाठक आ डॉ. कैलाश कुमार मिश्र अंक १ to ३५० सँ","","Kumari Prity Preeti Thakur","Maithili","2024","2024","2022-01-01","Book","INDIA","Allotted |

Allocation Letter","Kumari Prity","22178|ISBN|2024|A","2024-08-01","(Edit Expired) | Surrender ISBN
| Final Verso Page Uploaded [Verification Pending from RRRNA]","1","0","1","1","0","0","0","89","1","277"
"978-93-341-0276-5","विदेह सदेह ३० स्कूल-कॉलेजक विद्यार्थी लेल अंक १ to ३५० सँ","","Kumari Prity Preeti Thakur","Maithili","2024","2024","2022-01-01","Book","INDIA","Allotted |

Allocation Letter","Kumari Prity","22056|ISBN|2024|A","2024-07-31","(Edit Expired) | Surrender ISBN
| Final Verso Page Uploaded [Verification Pending from RRRNA]","1","0","1","1","0","0","0","90","1","278"
"978-93-340-9863-1","विदेह सदेह ३१ डॉ. कामिनी कामायनी आ कुमार मनोज कश्यप अंक १ to ३५० सँ","","Kumari Prity Preeti Thakur प्रीति ठाकुर","Maithili","2024","2024","2022-01-01","Book","INDIA","Allotted |

Allocation Letter","Kumari Prity","21135|ISBN|2024|A","2024-07-24","(Edit Expired) | Surrender ISBN
| Final Verso Page Uploaded [Verification Pending from RRRNA]","1","0","1","1","0","0","0","91","1","279"
"978-93-340-9773-3","हमर मोनक इच्छा 2024","","Kumari Prity Preeti Thakur प्रीति ठाकुर","Maithili","","2024","2024-01-01","Book","INDIA","Allotted |

Allocation Letter","Kumari Prity","20872|ISBN|2024|A","2024-07-23","(Edit Expired) | Surrender ISBN
| Final Verso Page Uploaded [Verification Pending from RRRNA]","1","0","1","1","0","0","0","92","1","280"
"978-93-340-9564-7","Videha Sadeha 32 A Collection Vol I of Creative Maithili Writings in Prose and Verse epublished in Videha ejournal issues 1 to 350 at www.videha.co.in","","Kumari Prity प्रीति ठाकुर Preeti Thakur","Maithili","2024","2024","2022-01-01","Book","INDIA","Allotted |

Allocation Letter","Kumari Prity","20387|ISBN|2024|A","2024-07-18","(Edit Expired) | Surrender ISBN
| Final Verso Page Uploaded [Verification Pending from RRRNA]","1","0","1","1","0","0","0","93","1","281"
"978-93-340-9241-7","विदेह सदेह ३३ रचनात्मक गद्य पद्य लेखन भाग २ अंक १ to३५० सँ","","Kumari Prity Preeti Thakur","Maithili","2024","2024","2022-01-01","Book","INDIA","Allotted |

Allocation Letter","Kumari Prity","19720|ISBN|2024|A","2024-07-12","(Edit Expired) | Surrender ISBN
| Final Verso Page Uploaded [Verification Pending from RRRNA]","1","0","1","1","0","0","0","94","1","282"
"978-93-340-9124-3","विदेह सदेह ३४ रचनात्मक गद्य पद्य लेखन भाग ३ अंक १ to ३५० सँ","","Kumari Prity Preeti Thakur प्रीति ठाकुर","Maithili","2024","2024","2022-01-01","Book","INDIA","Allotted |

Allocation Letter","Kumari Prity","19289|ISBN|2024|A","2024-07-09","(Edit Expired) | Surrender ISBN
| Final Verso Page Uploaded [Verification Pending from RRRNA]","1","0","1","1","0","0","0","95","1","283"
"978-93-340-8606-5","विदेह सदेह ३५ रचनात्मक गद्य पद्य लेखन भाग ४ अंक १ सँ ३५०","","Kumari Prity Preeti Thakur प्रीति ठाकुर","Maithili","","2024","2020-01-01","Book","INDIA","Allotted |

Allocation Letter","Kumari Prity","18217|ISBN|2024|A","2024-07-01","(Edit Expired) | Surrender ISBN
| Final Verso Page Uploaded [Verification Pending from RRRNA]","1","0","1","1","0","0","0","97","1","284"
"978-93-340-8410-8","मैथिली चित्रकथा (बाल साहित्य) (2009)","","Kumari Prity Preeti Thakur प्रीति ठाकुर","Maithili","2024","2024","2009-01-01","Book","INDIA","Allotted |

Allocation Letter","Kumari Prity","17783|ISBN|2024|A","2024-06-27","(Edit Expired) | Surrender ISBN
| Final Verso Page Uploaded [Verification Pending from RRRNA]","1","0","1","1","0","0","0","98","1","285"
"978-93-340-8262-3","रङ सभ अनुवाद बाल चित्रकथा बाल साहित्य 2022","","Kumari Prity Preeti Thakur प्रीति ठाकुर","Maithili","","2024","2022-01-01","Book","INDIA","Allotted |

Allocation Letter","Kumari Prity","17396|ISBN|2024|A","2024-06-25","(Edit Expired) | Surrender ISBN
| Final Verso Page Uploaded [Verification Pending from RRRNA]","1","0","1","1","0","0","0","99","1","286"
"978-93-340-7852-7","बो म्याउ बाह अनुवाद बाल चित्रकथा बाल साहित्य 2022","","Kumari Prity Preeti Thakur प्रीति ठाकुर","Maithili","","2024","2022-01-01","Book","INDIA","Allotted |

Allocation Letter","Kumari Prity","16270|ISBN|2024|A","2024-06-14","(Edit Expired) | Surrender ISBN
| Final Verso Page Uploaded [Verification Pending from RRRNA]","1","0","1","1","0","0","0","100","1","287"
"978-93-340-7668-4","सभ खाइत अछि अनुवाद बाल चित्रकथा बाल साहित्य 2022","","Kumari Prity Preeti Thakur प्रीति ठाकुर","Maithili","","2024","2022-01-01","Book","INDIA","Allotted |

Allocation Letter","Kumari Prity","15734|ISBN|2024|A","2024-06-11","(Edit Expired) | Surrender ISBN
| Final Verso Page Uploaded [Verification Pending from RRRNA]","1","0","1","1","0","0","0","101","1","288"
"978-93-340-7439-0","ए बी सी डी प्रकृति अक्षर पोथी अनुवाद बाल चित्रकथा बाल साहित्य 2022","","Kumari Prity Preeti Thakur प्रीति ठाकुर","Maithili","","2024","2022-01-01","Book","INDIA","Allotted |

Allocation Letter","Kumari Prity","15050|ISBN|2024|A","2024-06-06","(Edit Expired) | Surrender ISBN
| Final Verso Page Uploaded [Verification Pending from RRRNA]","1","0","1","1","0","0","0","102","1","289"
"978-93-340-7172-6","रेस अनुवाद बाल चित्रकथा बाल साहित्य 2022","","Kumari Prity Preeti Thakur प्रीति ठाकुर","Maithili","","2024","2022-01-01","Book","INDIA","Allotted |

Allocation Letter","Kumari Prity","14291|ISBN|2024|A","2024-05-30","(Edit Expired) | Surrender ISBN
| Final Verso Page Uploaded [Verification Pending from RRRNA]","1","0","1","1","0","0","0","103","1","290"
"978-93-340-7051-4","बाजार आवाज अनुवादक बाल चित्रकथा बाल साहित्य Ist Edition 2019 Revised Edition 2022","","Kumari Prity Preeti Thakur प्रीति ठाकुर","Maithili","2022","2024","2019-01-01","Book","INDIA","Allotted |

Allocation Letter","Kumari Prity","13993|ISBN|2024|A","2024-05-28","(Edit Expired) | Surrender ISBN
| Final Verso Page Uploaded [Verification Pending from RRRNA]","1","0","1","1","0","0","0","104","1","291"
"978-93-340-6752-1","पोथी 13 1 2 3 अनुवाद बाल चित्रकथा बाल साहित्य Ist Edition 2018 Revised Edition 2022","","Kumari Prity Preeti Thakur प्रीति ठाकुर","Maithili","2022","2024","2018-01-01","Book","INDIA","Allotted |

Allocation Letter","Kumari Prity","13339|ISBN|2024|A","2024-05-21","(Edit Expired) | Surrender ISBN
| Final Verso Page Uploaded [Verification Pending from RRRNA]","1","0","1","1","0","0","0","106","1","292"
"978-93-340-6552-7","जानवर (अनुवाद- बाल चित्रकथा, बाल साहित्य) (Ist Edition 2016, Revised Edition 2022)","","Kumari Prity Preeti Thakur प्रीति ठाकुर","Maithili","2022","2024","2016-01-02","Book","INDIA","Allotted |

Allocation Letter","Kumari Prity","12895|ISBN|2024|A","2024-05-17","(Edit Expired) | Surrender ISBN
| Final Verso Page Uploaded [Verification Pending from RRRNA]","1","0","1","1","0","0","0","107","1","293"
"978-93-340-6328-8","विद्यापतिक पुरुष परीक्षा (बाल साहित्य) (2012)","","Kumari Prity Preeti Thakur प्रीति ठाकुर","Maithili","2024","2024","2012-01-01","Book","INDIA","Allotted |

Allocation Letter","Kumari Prity","12437|ISBN|2024|A","2024-05-13","(Edit Expired) | Surrender ISBN
| Final Verso Page Uploaded [Verification Pending from RRRNA]","1","0","1","1","0","0","0","108","1","294"
"978-93-340-6202-1","मिथिलाक लोकदेवता (बाल साहित्य) (2010)","","Kumari Prity Preeti Thakur प्रीति ठाकुर","Maithili","2024","2024","2009-01-01","Book","INDIA","Allotted |

Allocation Letter","Kumari Prity","12205|ISBN|2024|A","2024-05-10","(Edit Expired) | Surrender ISBN
| Final Verso Page Uploaded [Verification Pending from RRRNA]","1","0","1","1","0","0","0","109","1","295"
"978-93-340-5351-7","गोनू झा आ आन मैथिली चित्रकथा -पहिल मैथिली चित्रकथा- मूल (बाल साहित्य) (2008)","","Kumari Prity प्रीति ठाकुर","Maithili","2024","2024","2008-01-01","Book","INDIA","Allotted |

Allocation Letter","Kumari Prity","10563|ISBN|2024|A","2024-04-23","(Edit Expired) | Surrender ISBN
| Final Verso Page Uploaded [Verification Pending from RRRNA]","1","0","1","1","0","0","0","112","1","296"
"978-93-340-5151-3","Compiled Scanned Catalogued 11000 PALM LEAF PANJI INSCRIPTIONS VOLUME I TO XXII","","Kumari Prity प्रीति ठाकुर","Maithili","2024","2024","2007-01-01","Book","INDIA","Allotted |

Allocation Letter","Kumari Prity","10114|ISBN|2024|A","2024-04-17","(Edit Expired) | Surrender ISBN
| Final Verso Page Uploaded [Verification Pending from RRRNA]","1","0","1","1","0","0","0","113","1","297"
"978-93-340-4931-2","3. हमर परिवार (अनुवाद- बाल चित्रकथा, बाल साहित्य) (Ist Edition 2007, Revised Edition 2022)","","Kumari Prity प्रीति ठाकुर","Maithili","2022","2024","2007-01-01","Book","INDIA","Allotted |

Allocation Letter","Kumari Prity","9655|ISBN|2024|A","2024-04-10","(Edit Expired) | Surrender ISBN
| Final Verso Page Uploaded [Verification Pending from RRRNA]","1","0","1","1","0","0","0","114","1","298"
"978-93-340-4851-3","माल-जाल आ जानवर दिस देखू (अनुवाद- बाल चित्रकथा, बाल साहित्य) (Ist Edition 2003, Revised Edition 2022)","","Kumari Prity प्रीति ठाकुर","Maithili","2022","2024","2003-01-01","Book","INDIA","Allotted |

Allocation Letter","Kumari Prity","9529|ISBN|2024|A","2024-04-09","(Edit Expired) | Surrender ISBN
| Final Verso Page Uploaded [Verification Pending from RRRNA]","1","0","1","1","0","0","0","115","1","299"
"978-93-340-4793-6","छोट आ पैघ (अनुवाद- बाल चित्रकथा, बाल साहित्य) (Ist Edition 2002, Revised Edition 2022)","","Kumari Prity प्रीति ठाकुर","Maithili","2022","2024","2002-01-01","Book","INDIA","Allotted |

Allocation Letter","Kumari Prity","9389|ISBN|2024|A","2024-04-08","(Edit Expired) | Surrender ISBN
| Final Verso Page Uploaded [Verification Pending from RRRNA]","1","0","1","1","0","0","0","116","1","300"
